-- MariaDB dump 10.19  Distrib 10.4.28-MariaDB, for osx10.10 (x86_64)
--
-- Host: 127.0.0.1    Database: takaful-events
-- ------------------------------------------------------
-- Server version	10.4.28-MariaDB

/*!40101 SET @OLD_CHARACTER_SET_CLIENT=@@CHARACTER_SET_CLIENT */;
/*!40101 SET @OLD_CHARACTER_SET_RESULTS=@@CHARACTER_SET_RESULTS */;
/*!40101 SET @OLD_COLLATION_CONNECTION=@@COLLATION_CONNECTION */;
/*!40101 SET NAMES utf8mb4 */;
/*!40103 SET @OLD_TIME_ZONE=@@TIME_ZONE */;
/*!40103 SET TIME_ZONE='+00:00' */;
/*!40014 SET @OLD_UNIQUE_CHECKS=@@UNIQUE_CHECKS, UNIQUE_CHECKS=0 */;
/*!40014 SET @OLD_FOREIGN_KEY_CHECKS=@@FOREIGN_KEY_CHECKS, FOREIGN_KEY_CHECKS=0 */;
/*!40101 SET @OLD_SQL_MODE=@@SQL_MODE, SQL_MODE='NO_AUTO_VALUE_ON_ZERO' */;
/*!40111 SET @OLD_SQL_NOTES=@@SQL_NOTES, SQL_NOTES=0 */;

--
-- Table structure for table `banners`
--

DROP TABLE IF EXISTS `banners`;
/*!40101 SET @saved_cs_client     = @@character_set_client */;
/*!40101 SET character_set_client = utf8 */;
CREATE TABLE `banners` (
  `id` bigint(20) unsigned NOT NULL AUTO_INCREMENT,
  `title` varchar(255) NOT NULL,
  `image_path` varchar(255) NOT NULL,
  `mobile_image_path` varchar(255) DEFAULT NULL,
  `link_url` varchar(255) DEFAULT NULL,
  `sort_order` int(10) unsigned NOT NULL DEFAULT 0,
  `is_active` tinyint(1) NOT NULL DEFAULT 1,
  `created_at` timestamp NULL DEFAULT NULL,
  `updated_at` timestamp NULL DEFAULT NULL,
  PRIMARY KEY (`id`)
) ENGINE=InnoDB AUTO_INCREMENT=3 DEFAULT CHARSET=utf8mb4 COLLATE=utf8mb4_unicode_ci;
/*!40101 SET character_set_client = @saved_cs_client */;

--
-- Dumping data for table `banners`
--

LOCK TABLES `banners` WRITE;
/*!40000 ALTER TABLE `banners` DISABLE KEYS */;
INSERT INTO `banners` VALUES (1,'Takaful Leadership Summit 2025','banners/d3df6977-a48d-4285-b9c4-038072aacc99.jpg','banners/a718d650-29e9-47f0-a4d1-292a6233c619.jpg',NULL,0,1,'2026-04-15 08:15:07','2026-04-15 08:22:27'),(2,'Slid 2','banners/ade0609d-43cd-4640-b463-4f4049b6e690.jpg',NULL,NULL,0,1,'2026-04-15 08:23:26','2026-04-15 08:23:26');
/*!40000 ALTER TABLE `banners` ENABLE KEYS */;
UNLOCK TABLES;

--
-- Table structure for table `cache`
--

DROP TABLE IF EXISTS `cache`;
/*!40101 SET @saved_cs_client     = @@character_set_client */;
/*!40101 SET character_set_client = utf8 */;
CREATE TABLE `cache` (
  `key` varchar(255) NOT NULL,
  `value` mediumtext NOT NULL,
  `expiration` int(11) NOT NULL,
  PRIMARY KEY (`key`),
  KEY `cache_expiration_index` (`expiration`)
) ENGINE=InnoDB DEFAULT CHARSET=utf8mb4 COLLATE=utf8mb4_unicode_ci;
/*!40101 SET character_set_client = @saved_cs_client */;

--
-- Dumping data for table `cache`
--

LOCK TABLES `cache` WRITE;
/*!40000 ALTER TABLE `cache` DISABLE KEYS */;
INSERT INTO `cache` VALUES ('takaful-events-cache-admin@takaful4all.com|127.0.0.1','i:1;',1776267338),('takaful-events-cache-admin@takaful4all.com|127.0.0.1:timer','i:1776267338;',1776267338),('takaful-events-cache-home.about','O:15:\"App\\Models\\Page\":33:{s:13:\"\0*\0connection\";s:5:\"mysql\";s:8:\"\0*\0table\";s:5:\"pages\";s:13:\"\0*\0primaryKey\";s:2:\"id\";s:10:\"\0*\0keyType\";s:3:\"int\";s:12:\"incrementing\";b:1;s:7:\"\0*\0with\";a:0:{}s:12:\"\0*\0withCount\";a:0:{}s:19:\"preventsLazyLoading\";b:0;s:10:\"\0*\0perPage\";i:15;s:6:\"exists\";b:1;s:18:\"wasRecentlyCreated\";b:0;s:28:\"\0*\0escapeWhenCastingToString\";b:0;s:13:\"\0*\0attributes\";a:8:{s:2:\"id\";i:1;s:5:\"title\";s:8:\"About Us\";s:4:\"slug\";s:5:\"about\";s:12:\"content_html\";s:679:\"<section><h2>About the Malaysian Takaful Association</h2><p>The <strong>Malaysian Takaful Association (MTA)</strong> is the national trade association representing the takaful (Islamic insurance) industry in Malaysia. Established to promote the growth, development, and awareness of the takaful industry, MTA serves as the unified voice for all takaful operators in the country.</p><p>With a membership comprising all licensed takaful operators in Malaysia, MTA works closely with regulatory bodies such as <strong>Bank Negara Malaysia (BNM)</strong> and the Ministry of Finance to shape policy and create a conducive environment for the takaful sector to flourish.</p></section>\";s:9:\"meta_json\";N;s:12:\"is_published\";i:1;s:10:\"created_at\";s:19:\"2026-02-24 12:14:37\";s:10:\"updated_at\";s:19:\"2026-02-24 12:14:37\";}s:11:\"\0*\0original\";a:8:{s:2:\"id\";i:1;s:5:\"title\";s:8:\"About Us\";s:4:\"slug\";s:5:\"about\";s:12:\"content_html\";s:679:\"<section><h2>About the Malaysian Takaful Association</h2><p>The <strong>Malaysian Takaful Association (MTA)</strong> is the national trade association representing the takaful (Islamic insurance) industry in Malaysia. Established to promote the growth, development, and awareness of the takaful industry, MTA serves as the unified voice for all takaful operators in the country.</p><p>With a membership comprising all licensed takaful operators in Malaysia, MTA works closely with regulatory bodies such as <strong>Bank Negara Malaysia (BNM)</strong> and the Ministry of Finance to shape policy and create a conducive environment for the takaful sector to flourish.</p></section>\";s:9:\"meta_json\";N;s:12:\"is_published\";i:1;s:10:\"created_at\";s:19:\"2026-02-24 12:14:37\";s:10:\"updated_at\";s:19:\"2026-02-24 12:14:37\";}s:10:\"\0*\0changes\";a:0:{}s:11:\"\0*\0previous\";a:0:{}s:8:\"\0*\0casts\";a:2:{s:9:\"meta_json\";s:5:\"array\";s:12:\"is_published\";s:7:\"boolean\";}s:17:\"\0*\0classCastCache\";a:0:{}s:21:\"\0*\0attributeCastCache\";a:0:{}s:13:\"\0*\0dateFormat\";N;s:10:\"\0*\0appends\";a:0:{}s:19:\"\0*\0dispatchesEvents\";a:0:{}s:14:\"\0*\0observables\";a:0:{}s:12:\"\0*\0relations\";a:0:{}s:10:\"\0*\0touches\";a:0:{}s:27:\"\0*\0relationAutoloadCallback\";N;s:26:\"\0*\0relationAutoloadContext\";N;s:10:\"timestamps\";b:1;s:13:\"usesUniqueIds\";b:0;s:9:\"\0*\0hidden\";a:0:{}s:10:\"\0*\0visible\";a:0:{}s:11:\"\0*\0fillable\";a:5:{i:0;s:5:\"title\";i:1;s:4:\"slug\";i:2;s:12:\"content_html\";i:3;s:9:\"meta_json\";i:4;s:12:\"is_published\";}s:10:\"\0*\0guarded\";a:1:{i:0;s:1:\"*\";}}',1776270579),('takaful-events-cache-home.agent360','O:39:\"Illuminate\\Database\\Eloquent\\Collection\":2:{s:8:\"\0*\0items\";a:3:{i:0;O:15:\"App\\Models\\Post\":33:{s:13:\"\0*\0connection\";s:5:\"mysql\";s:8:\"\0*\0table\";s:5:\"posts\";s:13:\"\0*\0primaryKey\";s:2:\"id\";s:10:\"\0*\0keyType\";s:3:\"int\";s:12:\"incrementing\";b:1;s:7:\"\0*\0with\";a:0:{}s:12:\"\0*\0withCount\";a:0:{}s:19:\"preventsLazyLoading\";b:0;s:10:\"\0*\0perPage\";i:15;s:6:\"exists\";b:1;s:18:\"wasRecentlyCreated\";b:0;s:28:\"\0*\0escapeWhenCastingToString\";b:0;s:13:\"\0*\0attributes\";a:13:{s:2:\"id\";i:24;s:4:\"type\";s:8:\"agent360\";s:5:\"title\";s:65:\"Ejen 360 Webinar: \"Reset and Focus: Bangkit & Finish Strong 2025\"\";s:4:\"slug\";s:59:\"ejen-360-webinar-reset-and-focus-bangkit-finish-strong-2025\";s:7:\"excerpt\";s:496:\"The Ejen360 Webinar titled “Reset and Focus: Bangkit & Finish Strong 2025” was conducted on 1 October 2025 at 5:00 p.m. and was delivered by Puan Zuriati Mohamed Yusoff. The session focused on motivating agents to realign their goals, strengthen focus, and build momentum to finish the year strong, while providing practical insights and strategies to enhance performance, resilience, and professionalism in a challenging business environment.\n\nTime : 5.00 pm\nBy : Puan Zuriati Mohamed Yusoff\";s:12:\"content_html\";s:550:\"<p>The Ejen360 Webinar titled “Reset and Focus: Bangkit &amp; Finish Strong 2025” was conducted on 1 October 2025 at 5:00 p.m. and was delivered by Puan Zuriati Mohamed Yusoff. The session focused on motivating agents to realign their goals, strengthen focus, and build momentum to finish the year strong, while providing practical insights and strategies to enhance performance, resilience, and professionalism in a challenging business environment.<br><br><strong>Time :</strong> 5.00 pm<br><strong>By :</strong> Puan Zuriati Mohamed Yusoff</p>\";s:9:\"embed_url\";s:41:\"https://www.youtube.com/embed/12BdLGvGxt8\";s:8:\"media_id\";i:26;s:12:\"is_published\";i:1;s:12:\"published_at\";s:19:\"2025-10-01 14:11:00\";s:9:\"meta_json\";N;s:10:\"created_at\";s:19:\"2026-02-24 16:06:50\";s:10:\"updated_at\";s:19:\"2026-02-24 16:06:50\";}s:11:\"\0*\0original\";a:13:{s:2:\"id\";i:24;s:4:\"type\";s:8:\"agent360\";s:5:\"title\";s:65:\"Ejen 360 Webinar: \"Reset and Focus: Bangkit & Finish Strong 2025\"\";s:4:\"slug\";s:59:\"ejen-360-webinar-reset-and-focus-bangkit-finish-strong-2025\";s:7:\"excerpt\";s:496:\"The Ejen360 Webinar titled “Reset and Focus: Bangkit & Finish Strong 2025” was conducted on 1 October 2025 at 5:00 p.m. and was delivered by Puan Zuriati Mohamed Yusoff. The session focused on motivating agents to realign their goals, strengthen focus, and build momentum to finish the year strong, while providing practical insights and strategies to enhance performance, resilience, and professionalism in a challenging business environment.\n\nTime : 5.00 pm\nBy : Puan Zuriati Mohamed Yusoff\";s:12:\"content_html\";s:550:\"<p>The Ejen360 Webinar titled “Reset and Focus: Bangkit &amp; Finish Strong 2025” was conducted on 1 October 2025 at 5:00 p.m. and was delivered by Puan Zuriati Mohamed Yusoff. The session focused on motivating agents to realign their goals, strengthen focus, and build momentum to finish the year strong, while providing practical insights and strategies to enhance performance, resilience, and professionalism in a challenging business environment.<br><br><strong>Time :</strong> 5.00 pm<br><strong>By :</strong> Puan Zuriati Mohamed Yusoff</p>\";s:9:\"embed_url\";s:41:\"https://www.youtube.com/embed/12BdLGvGxt8\";s:8:\"media_id\";i:26;s:12:\"is_published\";i:1;s:12:\"published_at\";s:19:\"2025-10-01 14:11:00\";s:9:\"meta_json\";N;s:10:\"created_at\";s:19:\"2026-02-24 16:06:50\";s:10:\"updated_at\";s:19:\"2026-02-24 16:06:50\";}s:10:\"\0*\0changes\";a:0:{}s:11:\"\0*\0previous\";a:0:{}s:8:\"\0*\0casts\";a:3:{s:12:\"published_at\";s:8:\"datetime\";s:12:\"is_published\";s:7:\"boolean\";s:9:\"meta_json\";s:5:\"array\";}s:17:\"\0*\0classCastCache\";a:0:{}s:21:\"\0*\0attributeCastCache\";a:0:{}s:13:\"\0*\0dateFormat\";N;s:10:\"\0*\0appends\";a:0:{}s:19:\"\0*\0dispatchesEvents\";a:0:{}s:14:\"\0*\0observables\";a:0:{}s:12:\"\0*\0relations\";a:1:{s:5:\"media\";O:16:\"App\\Models\\Media\":33:{s:13:\"\0*\0connection\";s:5:\"mysql\";s:8:\"\0*\0table\";s:5:\"media\";s:13:\"\0*\0primaryKey\";s:2:\"id\";s:10:\"\0*\0keyType\";s:3:\"int\";s:12:\"incrementing\";b:1;s:7:\"\0*\0with\";a:0:{}s:12:\"\0*\0withCount\";a:0:{}s:19:\"preventsLazyLoading\";b:0;s:10:\"\0*\0perPage\";i:15;s:6:\"exists\";b:1;s:18:\"wasRecentlyCreated\";b:0;s:28:\"\0*\0escapeWhenCastingToString\";b:0;s:13:\"\0*\0attributes\";a:13:{s:2:\"id\";i:26;s:4:\"disk\";s:6:\"public\";s:4:\"path\";s:54:\"media/2026/02/7cac06d6-b8d1-46ab-818f-a5fc942f4502.jpg\";s:14:\"thumbnail_path\";N;s:3:\"url\";s:63:\"/storage/media/2026/02/7cac06d6-b8d1-46ab-818f-a5fc942f4502.jpg\";s:3:\"alt\";N;s:5:\"title\";s:17:\"youtube-thumbnail\";s:4:\"mime\";s:10:\"image/jpeg\";s:4:\"size\";i:69293;s:5:\"width\";i:1280;s:6:\"height\";i:720;s:10:\"created_at\";s:19:\"2026-02-24 16:06:36\";s:10:\"updated_at\";s:19:\"2026-02-24 16:06:36\";}s:11:\"\0*\0original\";a:13:{s:2:\"id\";i:26;s:4:\"disk\";s:6:\"public\";s:4:\"path\";s:54:\"media/2026/02/7cac06d6-b8d1-46ab-818f-a5fc942f4502.jpg\";s:14:\"thumbnail_path\";N;s:3:\"url\";s:63:\"/storage/media/2026/02/7cac06d6-b8d1-46ab-818f-a5fc942f4502.jpg\";s:3:\"alt\";N;s:5:\"title\";s:17:\"youtube-thumbnail\";s:4:\"mime\";s:10:\"image/jpeg\";s:4:\"size\";i:69293;s:5:\"width\";i:1280;s:6:\"height\";i:720;s:10:\"created_at\";s:19:\"2026-02-24 16:06:36\";s:10:\"updated_at\";s:19:\"2026-02-24 16:06:36\";}s:10:\"\0*\0changes\";a:0:{}s:11:\"\0*\0previous\";a:0:{}s:8:\"\0*\0casts\";a:3:{s:4:\"size\";s:7:\"integer\";s:5:\"width\";s:7:\"integer\";s:6:\"height\";s:7:\"integer\";}s:17:\"\0*\0classCastCache\";a:0:{}s:21:\"\0*\0attributeCastCache\";a:0:{}s:13:\"\0*\0dateFormat\";N;s:10:\"\0*\0appends\";a:1:{i:0;s:13:\"thumbnail_url\";}s:19:\"\0*\0dispatchesEvents\";a:0:{}s:14:\"\0*\0observables\";a:0:{}s:12:\"\0*\0relations\";a:0:{}s:10:\"\0*\0touches\";a:0:{}s:27:\"\0*\0relationAutoloadCallback\";N;s:26:\"\0*\0relationAutoloadContext\";N;s:10:\"timestamps\";b:1;s:13:\"usesUniqueIds\";b:0;s:9:\"\0*\0hidden\";a:0:{}s:10:\"\0*\0visible\";a:0:{}s:11:\"\0*\0fillable\";a:10:{i:0;s:4:\"disk\";i:1;s:4:\"path\";i:2;s:14:\"thumbnail_path\";i:3;s:3:\"url\";i:4;s:3:\"alt\";i:5;s:5:\"title\";i:6;s:4:\"mime\";i:7;s:4:\"size\";i:8;s:5:\"width\";i:9;s:6:\"height\";}s:10:\"\0*\0guarded\";a:1:{i:0;s:1:\"*\";}}}s:10:\"\0*\0touches\";a:0:{}s:27:\"\0*\0relationAutoloadCallback\";N;s:26:\"\0*\0relationAutoloadContext\";N;s:10:\"timestamps\";b:1;s:13:\"usesUniqueIds\";b:0;s:9:\"\0*\0hidden\";a:0:{}s:10:\"\0*\0visible\";a:0:{}s:11:\"\0*\0fillable\";a:10:{i:0;s:4:\"type\";i:1;s:5:\"title\";i:2;s:4:\"slug\";i:3;s:7:\"excerpt\";i:4;s:12:\"content_html\";i:5;s:9:\"embed_url\";i:6;s:8:\"media_id\";i:7;s:12:\"is_published\";i:8;s:12:\"published_at\";i:9;s:9:\"meta_json\";}s:10:\"\0*\0guarded\";a:1:{i:0;s:1:\"*\";}}i:1;O:15:\"App\\Models\\Post\":33:{s:13:\"\0*\0connection\";s:5:\"mysql\";s:8:\"\0*\0table\";s:5:\"posts\";s:13:\"\0*\0primaryKey\";s:2:\"id\";s:10:\"\0*\0keyType\";s:3:\"int\";s:12:\"incrementing\";b:1;s:7:\"\0*\0with\";a:0:{}s:12:\"\0*\0withCount\";a:0:{}s:19:\"preventsLazyLoading\";b:0;s:10:\"\0*\0perPage\";i:15;s:6:\"exists\";b:1;s:18:\"wasRecentlyCreated\";b:0;s:28:\"\0*\0escapeWhenCastingToString\";b:0;s:13:\"\0*\0attributes\";a:13:{s:2:\"id\";i:25;s:4:\"type\";s:8:\"agent360\";s:5:\"title\";s:39:\"Ejen 360 Webinar: Pengenalan kepada ESG\";s:4:\"slug\";s:39:\"-ejen-360-webinar-pengenalan-kepada-esg\";s:7:\"excerpt\";s:521:\"The Ejen360 Webinar titled “Introduction to ESG” was conducted on 29 May 2025 at 9:30 a.m. and was delivered by Ts Dr Nurul Muiz Murad. The session provided participants with a foundational understanding of Environmental, Social and Governance (ESG) principles, highlighting their relevance and importance within the financial and takaful industry. The webinar also emphasised the role of agents in supporting sustainable practices and enhancing organisational responsibility in today’s evolving industry landscape.\";s:12:\"content_html\";s:615:\"<p>The Ejen360 Webinar titled “Introduction to ESG” was conducted on 29 May 2025 at 9:30 a.m. and was delivered by Ts Dr Nurul Muiz Murad. The session provided participants with a foundational understanding of Environmental, Social and Governance (ESG) principles, highlighting their relevance and importance within the financial and takaful industry. The webinar also emphasised the role of agents in supporting sustainable practices and enhancing organisational responsibility in today’s evolving industry landscape.<br><br><strong>Time :</strong> 9:30 am<br><strong>By :</strong> Ts Dr Nurul Muiz Murad</p>\";s:9:\"embed_url\";s:41:\"https://www.youtube.com/embed/VrIbVuN_7NA\";s:8:\"media_id\";i:27;s:12:\"is_published\";i:1;s:12:\"published_at\";s:19:\"2025-05-29 14:11:00\";s:9:\"meta_json\";N;s:10:\"created_at\";s:19:\"2026-02-24 16:07:35\";s:10:\"updated_at\";s:19:\"2026-02-24 16:07:35\";}s:11:\"\0*\0original\";a:13:{s:2:\"id\";i:25;s:4:\"type\";s:8:\"agent360\";s:5:\"title\";s:39:\"Ejen 360 Webinar: Pengenalan kepada ESG\";s:4:\"slug\";s:39:\"-ejen-360-webinar-pengenalan-kepada-esg\";s:7:\"excerpt\";s:521:\"The Ejen360 Webinar titled “Introduction to ESG” was conducted on 29 May 2025 at 9:30 a.m. and was delivered by Ts Dr Nurul Muiz Murad. The session provided participants with a foundational understanding of Environmental, Social and Governance (ESG) principles, highlighting their relevance and importance within the financial and takaful industry. The webinar also emphasised the role of agents in supporting sustainable practices and enhancing organisational responsibility in today’s evolving industry landscape.\";s:12:\"content_html\";s:615:\"<p>The Ejen360 Webinar titled “Introduction to ESG” was conducted on 29 May 2025 at 9:30 a.m. and was delivered by Ts Dr Nurul Muiz Murad. The session provided participants with a foundational understanding of Environmental, Social and Governance (ESG) principles, highlighting their relevance and importance within the financial and takaful industry. The webinar also emphasised the role of agents in supporting sustainable practices and enhancing organisational responsibility in today’s evolving industry landscape.<br><br><strong>Time :</strong> 9:30 am<br><strong>By :</strong> Ts Dr Nurul Muiz Murad</p>\";s:9:\"embed_url\";s:41:\"https://www.youtube.com/embed/VrIbVuN_7NA\";s:8:\"media_id\";i:27;s:12:\"is_published\";i:1;s:12:\"published_at\";s:19:\"2025-05-29 14:11:00\";s:9:\"meta_json\";N;s:10:\"created_at\";s:19:\"2026-02-24 16:07:35\";s:10:\"updated_at\";s:19:\"2026-02-24 16:07:35\";}s:10:\"\0*\0changes\";a:0:{}s:11:\"\0*\0previous\";a:0:{}s:8:\"\0*\0casts\";a:3:{s:12:\"published_at\";s:8:\"datetime\";s:12:\"is_published\";s:7:\"boolean\";s:9:\"meta_json\";s:5:\"array\";}s:17:\"\0*\0classCastCache\";a:0:{}s:21:\"\0*\0attributeCastCache\";a:0:{}s:13:\"\0*\0dateFormat\";N;s:10:\"\0*\0appends\";a:0:{}s:19:\"\0*\0dispatchesEvents\";a:0:{}s:14:\"\0*\0observables\";a:0:{}s:12:\"\0*\0relations\";a:1:{s:5:\"media\";O:16:\"App\\Models\\Media\":33:{s:13:\"\0*\0connection\";s:5:\"mysql\";s:8:\"\0*\0table\";s:5:\"media\";s:13:\"\0*\0primaryKey\";s:2:\"id\";s:10:\"\0*\0keyType\";s:3:\"int\";s:12:\"incrementing\";b:1;s:7:\"\0*\0with\";a:0:{}s:12:\"\0*\0withCount\";a:0:{}s:19:\"preventsLazyLoading\";b:0;s:10:\"\0*\0perPage\";i:15;s:6:\"exists\";b:1;s:18:\"wasRecentlyCreated\";b:0;s:28:\"\0*\0escapeWhenCastingToString\";b:0;s:13:\"\0*\0attributes\";a:13:{s:2:\"id\";i:27;s:4:\"disk\";s:6:\"public\";s:4:\"path\";s:54:\"media/2026/02/43884c54-23ab-480f-85f5-70cac60d542f.jpg\";s:14:\"thumbnail_path\";N;s:3:\"url\";s:63:\"/storage/media/2026/02/43884c54-23ab-480f-85f5-70cac60d542f.jpg\";s:3:\"alt\";N;s:5:\"title\";s:17:\"youtube-thumbnail\";s:4:\"mime\";s:10:\"image/jpeg\";s:4:\"size\";i:192467;s:5:\"width\";i:1280;s:6:\"height\";i:720;s:10:\"created_at\";s:19:\"2026-02-24 16:07:23\";s:10:\"updated_at\";s:19:\"2026-02-24 16:07:23\";}s:11:\"\0*\0original\";a:13:{s:2:\"id\";i:27;s:4:\"disk\";s:6:\"public\";s:4:\"path\";s:54:\"media/2026/02/43884c54-23ab-480f-85f5-70cac60d542f.jpg\";s:14:\"thumbnail_path\";N;s:3:\"url\";s:63:\"/storage/media/2026/02/43884c54-23ab-480f-85f5-70cac60d542f.jpg\";s:3:\"alt\";N;s:5:\"title\";s:17:\"youtube-thumbnail\";s:4:\"mime\";s:10:\"image/jpeg\";s:4:\"size\";i:192467;s:5:\"width\";i:1280;s:6:\"height\";i:720;s:10:\"created_at\";s:19:\"2026-02-24 16:07:23\";s:10:\"updated_at\";s:19:\"2026-02-24 16:07:23\";}s:10:\"\0*\0changes\";a:0:{}s:11:\"\0*\0previous\";a:0:{}s:8:\"\0*\0casts\";a:3:{s:4:\"size\";s:7:\"integer\";s:5:\"width\";s:7:\"integer\";s:6:\"height\";s:7:\"integer\";}s:17:\"\0*\0classCastCache\";a:0:{}s:21:\"\0*\0attributeCastCache\";a:0:{}s:13:\"\0*\0dateFormat\";N;s:10:\"\0*\0appends\";a:1:{i:0;s:13:\"thumbnail_url\";}s:19:\"\0*\0dispatchesEvents\";a:0:{}s:14:\"\0*\0observables\";a:0:{}s:12:\"\0*\0relations\";a:0:{}s:10:\"\0*\0touches\";a:0:{}s:27:\"\0*\0relationAutoloadCallback\";N;s:26:\"\0*\0relationAutoloadContext\";N;s:10:\"timestamps\";b:1;s:13:\"usesUniqueIds\";b:0;s:9:\"\0*\0hidden\";a:0:{}s:10:\"\0*\0visible\";a:0:{}s:11:\"\0*\0fillable\";a:10:{i:0;s:4:\"disk\";i:1;s:4:\"path\";i:2;s:14:\"thumbnail_path\";i:3;s:3:\"url\";i:4;s:3:\"alt\";i:5;s:5:\"title\";i:6;s:4:\"mime\";i:7;s:4:\"size\";i:8;s:5:\"width\";i:9;s:6:\"height\";}s:10:\"\0*\0guarded\";a:1:{i:0;s:1:\"*\";}}}s:10:\"\0*\0touches\";a:0:{}s:27:\"\0*\0relationAutoloadCallback\";N;s:26:\"\0*\0relationAutoloadContext\";N;s:10:\"timestamps\";b:1;s:13:\"usesUniqueIds\";b:0;s:9:\"\0*\0hidden\";a:0:{}s:10:\"\0*\0visible\";a:0:{}s:11:\"\0*\0fillable\";a:10:{i:0;s:4:\"type\";i:1;s:5:\"title\";i:2;s:4:\"slug\";i:3;s:7:\"excerpt\";i:4;s:12:\"content_html\";i:5;s:9:\"embed_url\";i:6;s:8:\"media_id\";i:7;s:12:\"is_published\";i:8;s:12:\"published_at\";i:9;s:9:\"meta_json\";}s:10:\"\0*\0guarded\";a:1:{i:0;s:1:\"*\";}}i:2;O:15:\"App\\Models\\Post\":33:{s:13:\"\0*\0connection\";s:5:\"mysql\";s:8:\"\0*\0table\";s:5:\"posts\";s:13:\"\0*\0primaryKey\";s:2:\"id\";s:10:\"\0*\0keyType\";s:3:\"int\";s:12:\"incrementing\";b:1;s:7:\"\0*\0with\";a:0:{}s:12:\"\0*\0withCount\";a:0:{}s:19:\"preventsLazyLoading\";b:0;s:10:\"\0*\0perPage\";i:15;s:6:\"exists\";b:1;s:18:\"wasRecentlyCreated\";b:0;s:28:\"\0*\0escapeWhenCastingToString\";b:0;s:13:\"\0*\0attributes\";a:13:{s:2:\"id\";i:23;s:4:\"type\";s:8:\"agent360\";s:5:\"title\";s:82:\"Ejen 360 Webinar: PITA Syariah - Kunci Kejayaan dan Peluang Hebat di Dunia Takaful\";s:4:\"slug\";s:79:\"ejen-360-webinar-pita-syariah-kunci-kejayaan-dan-peluang-hebat-di-dunia-takaful\";s:7:\"excerpt\";s:463:\"MTA and Encik Syarafuddin bin Mohd Yusof from Zurich Takaful Malaysia Berhad are discussing the importance of the Shariah PITA course for Takaful agents, focusing on how it helps them understand Shariah principles in the Takaful industry. The webinar also cover the key features of the PITA course offered by P10 Solutions, including its curriculum, objectives, and benefits, to ensure agents are well-equipped to serve clients while following Shariah guidelines.\";s:12:\"content_html\";s:470:\"<p>MTA and Encik Syarafuddin bin Mohd Yusof from Zurich Takaful Malaysia Berhad are discussing the importance of the Shariah PITA course for Takaful agents, focusing on how it helps them understand Shariah principles in the Takaful industry. The webinar also cover the key features of the PITA course offered by P10 Solutions, including its curriculum, objectives, and benefits, to ensure agents are well-equipped to serve clients while following Shariah guidelines.</p>\";s:9:\"embed_url\";s:41:\"https://www.youtube.com/embed/KPePlwgVBmg\";s:8:\"media_id\";i:25;s:12:\"is_published\";i:1;s:12:\"published_at\";s:19:\"2025-02-25 14:10:00\";s:9:\"meta_json\";N;s:10:\"created_at\";s:19:\"2026-02-24 16:05:09\";s:10:\"updated_at\";s:19:\"2026-02-24 16:05:09\";}s:11:\"\0*\0original\";a:13:{s:2:\"id\";i:23;s:4:\"type\";s:8:\"agent360\";s:5:\"title\";s:82:\"Ejen 360 Webinar: PITA Syariah - Kunci Kejayaan dan Peluang Hebat di Dunia Takaful\";s:4:\"slug\";s:79:\"ejen-360-webinar-pita-syariah-kunci-kejayaan-dan-peluang-hebat-di-dunia-takaful\";s:7:\"excerpt\";s:463:\"MTA and Encik Syarafuddin bin Mohd Yusof from Zurich Takaful Malaysia Berhad are discussing the importance of the Shariah PITA course for Takaful agents, focusing on how it helps them understand Shariah principles in the Takaful industry. The webinar also cover the key features of the PITA course offered by P10 Solutions, including its curriculum, objectives, and benefits, to ensure agents are well-equipped to serve clients while following Shariah guidelines.\";s:12:\"content_html\";s:470:\"<p>MTA and Encik Syarafuddin bin Mohd Yusof from Zurich Takaful Malaysia Berhad are discussing the importance of the Shariah PITA course for Takaful agents, focusing on how it helps them understand Shariah principles in the Takaful industry. The webinar also cover the key features of the PITA course offered by P10 Solutions, including its curriculum, objectives, and benefits, to ensure agents are well-equipped to serve clients while following Shariah guidelines.</p>\";s:9:\"embed_url\";s:41:\"https://www.youtube.com/embed/KPePlwgVBmg\";s:8:\"media_id\";i:25;s:12:\"is_published\";i:1;s:12:\"published_at\";s:19:\"2025-02-25 14:10:00\";s:9:\"meta_json\";N;s:10:\"created_at\";s:19:\"2026-02-24 16:05:09\";s:10:\"updated_at\";s:19:\"2026-02-24 16:05:09\";}s:10:\"\0*\0changes\";a:0:{}s:11:\"\0*\0previous\";a:0:{}s:8:\"\0*\0casts\";a:3:{s:12:\"published_at\";s:8:\"datetime\";s:12:\"is_published\";s:7:\"boolean\";s:9:\"meta_json\";s:5:\"array\";}s:17:\"\0*\0classCastCache\";a:0:{}s:21:\"\0*\0attributeCastCache\";a:0:{}s:13:\"\0*\0dateFormat\";N;s:10:\"\0*\0appends\";a:0:{}s:19:\"\0*\0dispatchesEvents\";a:0:{}s:14:\"\0*\0observables\";a:0:{}s:12:\"\0*\0relations\";a:1:{s:5:\"media\";O:16:\"App\\Models\\Media\":33:{s:13:\"\0*\0connection\";s:5:\"mysql\";s:8:\"\0*\0table\";s:5:\"media\";s:13:\"\0*\0primaryKey\";s:2:\"id\";s:10:\"\0*\0keyType\";s:3:\"int\";s:12:\"incrementing\";b:1;s:7:\"\0*\0with\";a:0:{}s:12:\"\0*\0withCount\";a:0:{}s:19:\"preventsLazyLoading\";b:0;s:10:\"\0*\0perPage\";i:15;s:6:\"exists\";b:1;s:18:\"wasRecentlyCreated\";b:0;s:28:\"\0*\0escapeWhenCastingToString\";b:0;s:13:\"\0*\0attributes\";a:13:{s:2:\"id\";i:25;s:4:\"disk\";s:6:\"public\";s:4:\"path\";s:54:\"media/2026/02/5fa18765-70a1-4cfe-8805-b2d8f846b2e1.jpg\";s:14:\"thumbnail_path\";N;s:3:\"url\";s:63:\"/storage/media/2026/02/5fa18765-70a1-4cfe-8805-b2d8f846b2e1.jpg\";s:3:\"alt\";N;s:5:\"title\";s:17:\"youtube-thumbnail\";s:4:\"mime\";s:10:\"image/jpeg\";s:4:\"size\";i:74394;s:5:\"width\";i:1280;s:6:\"height\";i:720;s:10:\"created_at\";s:19:\"2026-02-24 16:04:52\";s:10:\"updated_at\";s:19:\"2026-02-24 16:04:52\";}s:11:\"\0*\0original\";a:13:{s:2:\"id\";i:25;s:4:\"disk\";s:6:\"public\";s:4:\"path\";s:54:\"media/2026/02/5fa18765-70a1-4cfe-8805-b2d8f846b2e1.jpg\";s:14:\"thumbnail_path\";N;s:3:\"url\";s:63:\"/storage/media/2026/02/5fa18765-70a1-4cfe-8805-b2d8f846b2e1.jpg\";s:3:\"alt\";N;s:5:\"title\";s:17:\"youtube-thumbnail\";s:4:\"mime\";s:10:\"image/jpeg\";s:4:\"size\";i:74394;s:5:\"width\";i:1280;s:6:\"height\";i:720;s:10:\"created_at\";s:19:\"2026-02-24 16:04:52\";s:10:\"updated_at\";s:19:\"2026-02-24 16:04:52\";}s:10:\"\0*\0changes\";a:0:{}s:11:\"\0*\0previous\";a:0:{}s:8:\"\0*\0casts\";a:3:{s:4:\"size\";s:7:\"integer\";s:5:\"width\";s:7:\"integer\";s:6:\"height\";s:7:\"integer\";}s:17:\"\0*\0classCastCache\";a:0:{}s:21:\"\0*\0attributeCastCache\";a:0:{}s:13:\"\0*\0dateFormat\";N;s:10:\"\0*\0appends\";a:1:{i:0;s:13:\"thumbnail_url\";}s:19:\"\0*\0dispatchesEvents\";a:0:{}s:14:\"\0*\0observables\";a:0:{}s:12:\"\0*\0relations\";a:0:{}s:10:\"\0*\0touches\";a:0:{}s:27:\"\0*\0relationAutoloadCallback\";N;s:26:\"\0*\0relationAutoloadContext\";N;s:10:\"timestamps\";b:1;s:13:\"usesUniqueIds\";b:0;s:9:\"\0*\0hidden\";a:0:{}s:10:\"\0*\0visible\";a:0:{}s:11:\"\0*\0fillable\";a:10:{i:0;s:4:\"disk\";i:1;s:4:\"path\";i:2;s:14:\"thumbnail_path\";i:3;s:3:\"url\";i:4;s:3:\"alt\";i:5;s:5:\"title\";i:6;s:4:\"mime\";i:7;s:4:\"size\";i:8;s:5:\"width\";i:9;s:6:\"height\";}s:10:\"\0*\0guarded\";a:1:{i:0;s:1:\"*\";}}}s:10:\"\0*\0touches\";a:0:{}s:27:\"\0*\0relationAutoloadCallback\";N;s:26:\"\0*\0relationAutoloadContext\";N;s:10:\"timestamps\";b:1;s:13:\"usesUniqueIds\";b:0;s:9:\"\0*\0hidden\";a:0:{}s:10:\"\0*\0visible\";a:0:{}s:11:\"\0*\0fillable\";a:10:{i:0;s:4:\"type\";i:1;s:5:\"title\";i:2;s:4:\"slug\";i:3;s:7:\"excerpt\";i:4;s:12:\"content_html\";i:5;s:9:\"embed_url\";i:6;s:8:\"media_id\";i:7;s:12:\"is_published\";i:8;s:12:\"published_at\";i:9;s:9:\"meta_json\";}s:10:\"\0*\0guarded\";a:1:{i:0;s:1:\"*\";}}}s:28:\"\0*\0escapeWhenCastingToString\";b:0;}',1776270579),('takaful-events-cache-home.banners','O:39:\"Illuminate\\Database\\Eloquent\\Collection\":2:{s:8:\"\0*\0items\";a:2:{i:0;O:17:\"App\\Models\\Banner\":33:{s:13:\"\0*\0connection\";s:5:\"mysql\";s:8:\"\0*\0table\";s:7:\"banners\";s:13:\"\0*\0primaryKey\";s:2:\"id\";s:10:\"\0*\0keyType\";s:3:\"int\";s:12:\"incrementing\";b:1;s:7:\"\0*\0with\";a:0:{}s:12:\"\0*\0withCount\";a:0:{}s:19:\"preventsLazyLoading\";b:0;s:10:\"\0*\0perPage\";i:15;s:6:\"exists\";b:1;s:18:\"wasRecentlyCreated\";b:0;s:28:\"\0*\0escapeWhenCastingToString\";b:0;s:13:\"\0*\0attributes\";a:9:{s:2:\"id\";i:1;s:5:\"title\";s:30:\"Takaful Leadership Summit 2025\";s:10:\"image_path\";s:48:\"banners/d3df6977-a48d-4285-b9c4-038072aacc99.jpg\";s:17:\"mobile_image_path\";s:48:\"banners/a718d650-29e9-47f0-a4d1-292a6233c619.jpg\";s:8:\"link_url\";N;s:10:\"sort_order\";i:0;s:9:\"is_active\";i:1;s:10:\"created_at\";s:19:\"2026-04-15 16:15:07\";s:10:\"updated_at\";s:19:\"2026-04-15 16:22:27\";}s:11:\"\0*\0original\";a:9:{s:2:\"id\";i:1;s:5:\"title\";s:30:\"Takaful Leadership Summit 2025\";s:10:\"image_path\";s:48:\"banners/d3df6977-a48d-4285-b9c4-038072aacc99.jpg\";s:17:\"mobile_image_path\";s:48:\"banners/a718d650-29e9-47f0-a4d1-292a6233c619.jpg\";s:8:\"link_url\";N;s:10:\"sort_order\";i:0;s:9:\"is_active\";i:1;s:10:\"created_at\";s:19:\"2026-04-15 16:15:07\";s:10:\"updated_at\";s:19:\"2026-04-15 16:22:27\";}s:10:\"\0*\0changes\";a:0:{}s:11:\"\0*\0previous\";a:0:{}s:8:\"\0*\0casts\";a:2:{s:10:\"sort_order\";s:7:\"integer\";s:9:\"is_active\";s:7:\"boolean\";}s:17:\"\0*\0classCastCache\";a:0:{}s:21:\"\0*\0attributeCastCache\";a:0:{}s:13:\"\0*\0dateFormat\";N;s:10:\"\0*\0appends\";a:2:{i:0;s:9:\"image_url\";i:1;s:16:\"mobile_image_url\";}s:19:\"\0*\0dispatchesEvents\";a:0:{}s:14:\"\0*\0observables\";a:0:{}s:12:\"\0*\0relations\";a:0:{}s:10:\"\0*\0touches\";a:0:{}s:27:\"\0*\0relationAutoloadCallback\";N;s:26:\"\0*\0relationAutoloadContext\";N;s:10:\"timestamps\";b:1;s:13:\"usesUniqueIds\";b:0;s:9:\"\0*\0hidden\";a:0:{}s:10:\"\0*\0visible\";a:0:{}s:11:\"\0*\0fillable\";a:6:{i:0;s:5:\"title\";i:1;s:10:\"image_path\";i:2;s:17:\"mobile_image_path\";i:3;s:8:\"link_url\";i:4;s:10:\"sort_order\";i:5;s:9:\"is_active\";}s:10:\"\0*\0guarded\";a:1:{i:0;s:1:\"*\";}}i:1;O:17:\"App\\Models\\Banner\":33:{s:13:\"\0*\0connection\";s:5:\"mysql\";s:8:\"\0*\0table\";s:7:\"banners\";s:13:\"\0*\0primaryKey\";s:2:\"id\";s:10:\"\0*\0keyType\";s:3:\"int\";s:12:\"incrementing\";b:1;s:7:\"\0*\0with\";a:0:{}s:12:\"\0*\0withCount\";a:0:{}s:19:\"preventsLazyLoading\";b:0;s:10:\"\0*\0perPage\";i:15;s:6:\"exists\";b:1;s:18:\"wasRecentlyCreated\";b:0;s:28:\"\0*\0escapeWhenCastingToString\";b:0;s:13:\"\0*\0attributes\";a:9:{s:2:\"id\";i:2;s:5:\"title\";s:6:\"Slid 2\";s:10:\"image_path\";s:48:\"banners/ade0609d-43cd-4640-b463-4f4049b6e690.jpg\";s:17:\"mobile_image_path\";N;s:8:\"link_url\";N;s:10:\"sort_order\";i:0;s:9:\"is_active\";i:1;s:10:\"created_at\";s:19:\"2026-04-15 16:23:26\";s:10:\"updated_at\";s:19:\"2026-04-15 16:23:26\";}s:11:\"\0*\0original\";a:9:{s:2:\"id\";i:2;s:5:\"title\";s:6:\"Slid 2\";s:10:\"image_path\";s:48:\"banners/ade0609d-43cd-4640-b463-4f4049b6e690.jpg\";s:17:\"mobile_image_path\";N;s:8:\"link_url\";N;s:10:\"sort_order\";i:0;s:9:\"is_active\";i:1;s:10:\"created_at\";s:19:\"2026-04-15 16:23:26\";s:10:\"updated_at\";s:19:\"2026-04-15 16:23:26\";}s:10:\"\0*\0changes\";a:0:{}s:11:\"\0*\0previous\";a:0:{}s:8:\"\0*\0casts\";a:2:{s:10:\"sort_order\";s:7:\"integer\";s:9:\"is_active\";s:7:\"boolean\";}s:17:\"\0*\0classCastCache\";a:0:{}s:21:\"\0*\0attributeCastCache\";a:0:{}s:13:\"\0*\0dateFormat\";N;s:10:\"\0*\0appends\";a:2:{i:0;s:9:\"image_url\";i:1;s:16:\"mobile_image_url\";}s:19:\"\0*\0dispatchesEvents\";a:0:{}s:14:\"\0*\0observables\";a:0:{}s:12:\"\0*\0relations\";a:0:{}s:10:\"\0*\0touches\";a:0:{}s:27:\"\0*\0relationAutoloadCallback\";N;s:26:\"\0*\0relationAutoloadContext\";N;s:10:\"timestamps\";b:1;s:13:\"usesUniqueIds\";b:0;s:9:\"\0*\0hidden\";a:0:{}s:10:\"\0*\0visible\";a:0:{}s:11:\"\0*\0fillable\";a:6:{i:0;s:5:\"title\";i:1;s:10:\"image_path\";i:2;s:17:\"mobile_image_path\";i:3;s:8:\"link_url\";i:4;s:10:\"sort_order\";i:5;s:9:\"is_active\";}s:10:\"\0*\0guarded\";a:1:{i:0;s:1:\"*\";}}}s:28:\"\0*\0escapeWhenCastingToString\";b:0;}',1776271109),('takaful-events-cache-home.past','O:39:\"Illuminate\\Database\\Eloquent\\Collection\":2:{s:8:\"\0*\0items\";a:7:{i:0;O:16:\"App\\Models\\Event\":33:{s:13:\"\0*\0connection\";s:5:\"mysql\";s:8:\"\0*\0table\";s:6:\"events\";s:13:\"\0*\0primaryKey\";s:2:\"id\";s:10:\"\0*\0keyType\";s:3:\"int\";s:12:\"incrementing\";b:1;s:7:\"\0*\0with\";a:0:{}s:12:\"\0*\0withCount\";a:0:{}s:19:\"preventsLazyLoading\";b:0;s:10:\"\0*\0perPage\";i:15;s:6:\"exists\";b:1;s:18:\"wasRecentlyCreated\";b:0;s:28:\"\0*\0escapeWhenCastingToString\";b:0;s:13:\"\0*\0attributes\";a:23:{s:2:\"id\";i:7;s:5:\"title\";s:30:\"Takaful Leadership Summit 2026\";s:4:\"slug\";s:30:\"takaful-leadership-summit-2026\";s:7:\"excerpt\";s:91:\"The premier annual gathering of takaful industry leaders to discuss trends and innovations.\";s:12:\"content_html\";s:397:\"<p>Join us for the <strong>Takaful Leadership Summit 2026</strong>, an exclusive conference bringing together CEOs, regulators, and innovators from across the global takaful industry.</p><p>This year\'s theme: <em>\"Resilience Through Innovation\"</em>.</p><h2>Key Topics</h2><ul><li>Digital transformation in takaful</li><li>Regulatory updates from BNM</li><li>Sustainable takaful products</li></ul>\";s:8:\"start_at\";s:19:\"2026-03-28 17:21:21\";s:6:\"end_at\";s:19:\"2026-03-29 17:21:21\";s:5:\"venue\";s:30:\"Kuala Lumpur Convention Centre\";s:4:\"city\";s:12:\"Kuala Lumpur\";s:5:\"state\";s:19:\"Wilayah Persekutuan\";s:7:\"country\";s:8:\"Malaysia\";s:16:\"registration_url\";s:51:\"https://events.takaful4all.org/register/summit-2026\";s:11:\"gdrive_link\";N;s:8:\"media_id\";N;s:18:\"venue_map_media_id\";N;s:12:\"is_published\";i:1;s:12:\"rsvp_enabled\";i:0;s:13:\"rsvp_deadline\";N;s:13:\"max_attendees\";N;s:16:\"require_approval\";i:0;s:9:\"meta_json\";N;s:10:\"created_at\";s:19:\"2026-02-26 17:21:21\";s:10:\"updated_at\";s:19:\"2026-02-26 17:21:21\";}s:11:\"\0*\0original\";a:23:{s:2:\"id\";i:7;s:5:\"title\";s:30:\"Takaful Leadership Summit 2026\";s:4:\"slug\";s:30:\"takaful-leadership-summit-2026\";s:7:\"excerpt\";s:91:\"The premier annual gathering of takaful industry leaders to discuss trends and innovations.\";s:12:\"content_html\";s:397:\"<p>Join us for the <strong>Takaful Leadership Summit 2026</strong>, an exclusive conference bringing together CEOs, regulators, and innovators from across the global takaful industry.</p><p>This year\'s theme: <em>\"Resilience Through Innovation\"</em>.</p><h2>Key Topics</h2><ul><li>Digital transformation in takaful</li><li>Regulatory updates from BNM</li><li>Sustainable takaful products</li></ul>\";s:8:\"start_at\";s:19:\"2026-03-28 17:21:21\";s:6:\"end_at\";s:19:\"2026-03-29 17:21:21\";s:5:\"venue\";s:30:\"Kuala Lumpur Convention Centre\";s:4:\"city\";s:12:\"Kuala Lumpur\";s:5:\"state\";s:19:\"Wilayah Persekutuan\";s:7:\"country\";s:8:\"Malaysia\";s:16:\"registration_url\";s:51:\"https://events.takaful4all.org/register/summit-2026\";s:11:\"gdrive_link\";N;s:8:\"media_id\";N;s:18:\"venue_map_media_id\";N;s:12:\"is_published\";i:1;s:12:\"rsvp_enabled\";i:0;s:13:\"rsvp_deadline\";N;s:13:\"max_attendees\";N;s:16:\"require_approval\";i:0;s:9:\"meta_json\";N;s:10:\"created_at\";s:19:\"2026-02-26 17:21:21\";s:10:\"updated_at\";s:19:\"2026-02-26 17:21:21\";}s:10:\"\0*\0changes\";a:0:{}s:11:\"\0*\0previous\";a:0:{}s:8:\"\0*\0casts\";a:8:{s:8:\"start_at\";s:8:\"datetime\";s:6:\"end_at\";s:8:\"datetime\";s:12:\"is_published\";s:7:\"boolean\";s:12:\"rsvp_enabled\";s:7:\"boolean\";s:13:\"rsvp_deadline\";s:8:\"datetime\";s:13:\"max_attendees\";s:7:\"integer\";s:16:\"require_approval\";s:7:\"boolean\";s:9:\"meta_json\";s:5:\"array\";}s:17:\"\0*\0classCastCache\";a:0:{}s:21:\"\0*\0attributeCastCache\";a:0:{}s:13:\"\0*\0dateFormat\";N;s:10:\"\0*\0appends\";a:1:{i:0;s:6:\"status\";}s:19:\"\0*\0dispatchesEvents\";a:0:{}s:14:\"\0*\0observables\";a:0:{}s:12:\"\0*\0relations\";a:1:{s:5:\"media\";N;}s:10:\"\0*\0touches\";a:0:{}s:27:\"\0*\0relationAutoloadCallback\";N;s:26:\"\0*\0relationAutoloadContext\";N;s:10:\"timestamps\";b:1;s:13:\"usesUniqueIds\";b:0;s:9:\"\0*\0hidden\";a:0:{}s:10:\"\0*\0visible\";a:0:{}s:11:\"\0*\0fillable\";a:20:{i:0;s:5:\"title\";i:1;s:4:\"slug\";i:2;s:7:\"excerpt\";i:3;s:12:\"content_html\";i:4;s:8:\"start_at\";i:5;s:6:\"end_at\";i:6;s:5:\"venue\";i:7;s:4:\"city\";i:8;s:5:\"state\";i:9;s:7:\"country\";i:10;s:16:\"registration_url\";i:11;s:11:\"gdrive_link\";i:12;s:8:\"media_id\";i:13;s:18:\"venue_map_media_id\";i:14;s:12:\"is_published\";i:15;s:12:\"rsvp_enabled\";i:16;s:13:\"rsvp_deadline\";i:17;s:13:\"max_attendees\";i:18;s:16:\"require_approval\";i:19;s:9:\"meta_json\";}s:10:\"\0*\0guarded\";a:1:{i:0;s:1:\"*\";}}i:1;O:16:\"App\\Models\\Event\":33:{s:13:\"\0*\0connection\";s:5:\"mysql\";s:8:\"\0*\0table\";s:6:\"events\";s:13:\"\0*\0primaryKey\";s:2:\"id\";s:10:\"\0*\0keyType\";s:3:\"int\";s:12:\"incrementing\";b:1;s:7:\"\0*\0with\";a:0:{}s:12:\"\0*\0withCount\";a:0:{}s:19:\"preventsLazyLoading\";b:0;s:10:\"\0*\0perPage\";i:15;s:6:\"exists\";b:1;s:18:\"wasRecentlyCreated\";b:0;s:28:\"\0*\0escapeWhenCastingToString\";b:0;s:13:\"\0*\0attributes\";a:23:{s:2:\"id\";i:9;s:5:\"title\";s:27:\"Takaful Awareness Week 2025\";s:4:\"slug\";s:27:\"takaful-awareness-week-2025\";s:7:\"excerpt\";s:68:\"A week-long initiative to educate the public about takaful benefits.\";s:12:\"content_html\";s:161:\"<p>Takaful Awareness Week 2025 brought together <strong>over 2,000 participants</strong> across Malaysia for workshops, seminars, and public outreach events.</p>\";s:8:\"start_at\";s:19:\"2025-11-18 17:21:21\";s:6:\"end_at\";s:19:\"2025-11-25 17:21:21\";s:5:\"venue\";s:28:\"Various Locations Nationwide\";s:4:\"city\";s:15:\"Multiple Cities\";s:5:\"state\";s:10:\"Nationwide\";s:7:\"country\";s:8:\"Malaysia\";s:16:\"registration_url\";N;s:11:\"gdrive_link\";N;s:8:\"media_id\";N;s:18:\"venue_map_media_id\";N;s:12:\"is_published\";i:1;s:12:\"rsvp_enabled\";i:0;s:13:\"rsvp_deadline\";N;s:13:\"max_attendees\";N;s:16:\"require_approval\";i:0;s:9:\"meta_json\";N;s:10:\"created_at\";s:19:\"2026-02-26 17:21:21\";s:10:\"updated_at\";s:19:\"2026-02-26 17:21:21\";}s:11:\"\0*\0original\";a:23:{s:2:\"id\";i:9;s:5:\"title\";s:27:\"Takaful Awareness Week 2025\";s:4:\"slug\";s:27:\"takaful-awareness-week-2025\";s:7:\"excerpt\";s:68:\"A week-long initiative to educate the public about takaful benefits.\";s:12:\"content_html\";s:161:\"<p>Takaful Awareness Week 2025 brought together <strong>over 2,000 participants</strong> across Malaysia for workshops, seminars, and public outreach events.</p>\";s:8:\"start_at\";s:19:\"2025-11-18 17:21:21\";s:6:\"end_at\";s:19:\"2025-11-25 17:21:21\";s:5:\"venue\";s:28:\"Various Locations Nationwide\";s:4:\"city\";s:15:\"Multiple Cities\";s:5:\"state\";s:10:\"Nationwide\";s:7:\"country\";s:8:\"Malaysia\";s:16:\"registration_url\";N;s:11:\"gdrive_link\";N;s:8:\"media_id\";N;s:18:\"venue_map_media_id\";N;s:12:\"is_published\";i:1;s:12:\"rsvp_enabled\";i:0;s:13:\"rsvp_deadline\";N;s:13:\"max_attendees\";N;s:16:\"require_approval\";i:0;s:9:\"meta_json\";N;s:10:\"created_at\";s:19:\"2026-02-26 17:21:21\";s:10:\"updated_at\";s:19:\"2026-02-26 17:21:21\";}s:10:\"\0*\0changes\";a:0:{}s:11:\"\0*\0previous\";a:0:{}s:8:\"\0*\0casts\";a:8:{s:8:\"start_at\";s:8:\"datetime\";s:6:\"end_at\";s:8:\"datetime\";s:12:\"is_published\";s:7:\"boolean\";s:12:\"rsvp_enabled\";s:7:\"boolean\";s:13:\"rsvp_deadline\";s:8:\"datetime\";s:13:\"max_attendees\";s:7:\"integer\";s:16:\"require_approval\";s:7:\"boolean\";s:9:\"meta_json\";s:5:\"array\";}s:17:\"\0*\0classCastCache\";a:0:{}s:21:\"\0*\0attributeCastCache\";a:0:{}s:13:\"\0*\0dateFormat\";N;s:10:\"\0*\0appends\";a:1:{i:0;s:6:\"status\";}s:19:\"\0*\0dispatchesEvents\";a:0:{}s:14:\"\0*\0observables\";a:0:{}s:12:\"\0*\0relations\";a:1:{s:5:\"media\";N;}s:10:\"\0*\0touches\";a:0:{}s:27:\"\0*\0relationAutoloadCallback\";N;s:26:\"\0*\0relationAutoloadContext\";N;s:10:\"timestamps\";b:1;s:13:\"usesUniqueIds\";b:0;s:9:\"\0*\0hidden\";a:0:{}s:10:\"\0*\0visible\";a:0:{}s:11:\"\0*\0fillable\";a:20:{i:0;s:5:\"title\";i:1;s:4:\"slug\";i:2;s:7:\"excerpt\";i:3;s:12:\"content_html\";i:4;s:8:\"start_at\";i:5;s:6:\"end_at\";i:6;s:5:\"venue\";i:7;s:4:\"city\";i:8;s:5:\"state\";i:9;s:7:\"country\";i:10;s:16:\"registration_url\";i:11;s:11:\"gdrive_link\";i:12;s:8:\"media_id\";i:13;s:18:\"venue_map_media_id\";i:14;s:12:\"is_published\";i:15;s:12:\"rsvp_enabled\";i:16;s:13:\"rsvp_deadline\";i:17;s:13:\"max_attendees\";i:18;s:16:\"require_approval\";i:19;s:9:\"meta_json\";}s:10:\"\0*\0guarded\";a:1:{i:0;s:1:\"*\";}}i:2;O:16:\"App\\Models\\Event\":33:{s:13:\"\0*\0connection\";s:5:\"mysql\";s:8:\"\0*\0table\";s:6:\"events\";s:13:\"\0*\0primaryKey\";s:2:\"id\";s:10:\"\0*\0keyType\";s:3:\"int\";s:12:\"incrementing\";b:1;s:7:\"\0*\0with\";a:0:{}s:12:\"\0*\0withCount\";a:0:{}s:19:\"preventsLazyLoading\";b:0;s:10:\"\0*\0perPage\";i:15;s:6:\"exists\";b:1;s:18:\"wasRecentlyCreated\";b:0;s:28:\"\0*\0escapeWhenCastingToString\";b:0;s:13:\"\0*\0attributes\";a:23:{s:2:\"id\";i:1;s:5:\"title\";s:30:\"Takaful Leadership Summit 2025\";s:4:\"slug\";s:30:\"takaful-leadership-summit-2025\";s:7:\"excerpt\";s:91:\"The premier annual gathering of takaful industry leaders to discuss trends and innovations.\";s:12:\"content_html\";s:1828:\"<img class=\"rounded-lg max-w-full my-4\" src=\"http://localhost:8000/storage/media/2026/02/abbb6a90-0dd9-43e9-861b-62665ae2561a.jpeg\"><p>The Takaful Leader &amp; Agent Summit (TLAS) 2025 is the OFFICIAL annual flagship event under the Takaful banner – a prestigious and purpose-driven gathering now entering its third year. Over the years, TLAS has evolved into the industry’s iconic platform for showcasing leadership excellence, fostering innovation, and celebrating achievements. It stands as the premium stage for networking, learning, and recognition, uniting the Takaful community in shaping the future of the industry.</p><p>This summit is not just a training or networking day – it is a mark of belonging to the elite core of the Takaful community. Attendees will gain exclusive access to top-tier speakers, MDRT achievers, and industry decision-makers, with crowd-pulling attractions designed to inspire, connect, and elevate careers.</p><p></p><p>The Takaful Leader &amp; Agent Summit (TLAS) 2025 is a strategic initiative under the Hijrah 27 transformation plan, designed to drive the Takaful industry towards greater innovation, leadership excellence, and sustainable impact. This summit serves as a key enabler of Hijrah 27’s objectives by providing a platform for industry professionals to develop their leadership skills, embrace digitalisation, and reinforce ethical and value-driven business practices.</p><p></p><p>TLAS 2025 will introduce new thematic directions, focusing on strengthening industry-wide collaboration, embracing technological advancements, and positioning Takaful as a sustainable and resilient financial solution. This proposal outlines the summit’s theme, objectives, programme structure, budget, and expected outcomes to ensure alignment with the long-term vision of Hijrah 27.</p>\";s:8:\"start_at\";s:19:\"2025-11-01 12:14:00\";s:6:\"end_at\";s:19:\"2025-11-01 12:14:00\";s:5:\"venue\";s:30:\"Kuala Lumpur Convention Centre\";s:4:\"city\";s:12:\"Kuala Lumpur\";s:5:\"state\";s:19:\"Wilayah Persekutuan\";s:7:\"country\";s:8:\"Malaysia\";s:16:\"registration_url\";N;s:11:\"gdrive_link\";N;s:8:\"media_id\";i:3;s:18:\"venue_map_media_id\";N;s:12:\"is_published\";i:1;s:12:\"rsvp_enabled\";i:1;s:13:\"rsvp_deadline\";s:19:\"2025-10-29 12:14:00\";s:13:\"max_attendees\";i:500;s:16:\"require_approval\";i:0;s:9:\"meta_json\";N;s:10:\"created_at\";s:19:\"2026-02-24 12:14:37\";s:10:\"updated_at\";s:19:\"2026-02-26 15:45:20\";}s:11:\"\0*\0original\";a:23:{s:2:\"id\";i:1;s:5:\"title\";s:30:\"Takaful Leadership Summit 2025\";s:4:\"slug\";s:30:\"takaful-leadership-summit-2025\";s:7:\"excerpt\";s:91:\"The premier annual gathering of takaful industry leaders to discuss trends and innovations.\";s:12:\"content_html\";s:1828:\"<img class=\"rounded-lg max-w-full my-4\" src=\"http://localhost:8000/storage/media/2026/02/abbb6a90-0dd9-43e9-861b-62665ae2561a.jpeg\"><p>The Takaful Leader &amp; Agent Summit (TLAS) 2025 is the OFFICIAL annual flagship event under the Takaful banner – a prestigious and purpose-driven gathering now entering its third year. Over the years, TLAS has evolved into the industry’s iconic platform for showcasing leadership excellence, fostering innovation, and celebrating achievements. It stands as the premium stage for networking, learning, and recognition, uniting the Takaful community in shaping the future of the industry.</p><p>This summit is not just a training or networking day – it is a mark of belonging to the elite core of the Takaful community. Attendees will gain exclusive access to top-tier speakers, MDRT achievers, and industry decision-makers, with crowd-pulling attractions designed to inspire, connect, and elevate careers.</p><p></p><p>The Takaful Leader &amp; Agent Summit (TLAS) 2025 is a strategic initiative under the Hijrah 27 transformation plan, designed to drive the Takaful industry towards greater innovation, leadership excellence, and sustainable impact. This summit serves as a key enabler of Hijrah 27’s objectives by providing a platform for industry professionals to develop their leadership skills, embrace digitalisation, and reinforce ethical and value-driven business practices.</p><p></p><p>TLAS 2025 will introduce new thematic directions, focusing on strengthening industry-wide collaboration, embracing technological advancements, and positioning Takaful as a sustainable and resilient financial solution. This proposal outlines the summit’s theme, objectives, programme structure, budget, and expected outcomes to ensure alignment with the long-term vision of Hijrah 27.</p>\";s:8:\"start_at\";s:19:\"2025-11-01 12:14:00\";s:6:\"end_at\";s:19:\"2025-11-01 12:14:00\";s:5:\"venue\";s:30:\"Kuala Lumpur Convention Centre\";s:4:\"city\";s:12:\"Kuala Lumpur\";s:5:\"state\";s:19:\"Wilayah Persekutuan\";s:7:\"country\";s:8:\"Malaysia\";s:16:\"registration_url\";N;s:11:\"gdrive_link\";N;s:8:\"media_id\";i:3;s:18:\"venue_map_media_id\";N;s:12:\"is_published\";i:1;s:12:\"rsvp_enabled\";i:1;s:13:\"rsvp_deadline\";s:19:\"2025-10-29 12:14:00\";s:13:\"max_attendees\";i:500;s:16:\"require_approval\";i:0;s:9:\"meta_json\";N;s:10:\"created_at\";s:19:\"2026-02-24 12:14:37\";s:10:\"updated_at\";s:19:\"2026-02-26 15:45:20\";}s:10:\"\0*\0changes\";a:0:{}s:11:\"\0*\0previous\";a:0:{}s:8:\"\0*\0casts\";a:8:{s:8:\"start_at\";s:8:\"datetime\";s:6:\"end_at\";s:8:\"datetime\";s:12:\"is_published\";s:7:\"boolean\";s:12:\"rsvp_enabled\";s:7:\"boolean\";s:13:\"rsvp_deadline\";s:8:\"datetime\";s:13:\"max_attendees\";s:7:\"integer\";s:16:\"require_approval\";s:7:\"boolean\";s:9:\"meta_json\";s:5:\"array\";}s:17:\"\0*\0classCastCache\";a:0:{}s:21:\"\0*\0attributeCastCache\";a:0:{}s:13:\"\0*\0dateFormat\";N;s:10:\"\0*\0appends\";a:1:{i:0;s:6:\"status\";}s:19:\"\0*\0dispatchesEvents\";a:0:{}s:14:\"\0*\0observables\";a:0:{}s:12:\"\0*\0relations\";a:1:{s:5:\"media\";O:16:\"App\\Models\\Media\":33:{s:13:\"\0*\0connection\";s:5:\"mysql\";s:8:\"\0*\0table\";s:5:\"media\";s:13:\"\0*\0primaryKey\";s:2:\"id\";s:10:\"\0*\0keyType\";s:3:\"int\";s:12:\"incrementing\";b:1;s:7:\"\0*\0with\";a:0:{}s:12:\"\0*\0withCount\";a:0:{}s:19:\"preventsLazyLoading\";b:0;s:10:\"\0*\0perPage\";i:15;s:6:\"exists\";b:1;s:18:\"wasRecentlyCreated\";b:0;s:28:\"\0*\0escapeWhenCastingToString\";b:0;s:13:\"\0*\0attributes\";a:13:{s:2:\"id\";i:3;s:4:\"disk\";s:6:\"public\";s:4:\"path\";s:54:\"media/2026/02/61d8909f-ddba-4464-89fa-b11926195fff.jpg\";s:14:\"thumbnail_path\";N;s:3:\"url\";s:63:\"/storage/media/2026/02/61d8909f-ddba-4464-89fa-b11926195fff.jpg\";s:3:\"alt\";N;s:5:\"title\";s:13:\"poster-tlas25\";s:4:\"mime\";s:10:\"image/jpeg\";s:4:\"size\";i:223055;s:5:\"width\";i:1536;s:6:\"height\";i:1094;s:10:\"created_at\";s:19:\"2026-02-24 14:49:27\";s:10:\"updated_at\";s:19:\"2026-04-15 05:04:01\";}s:11:\"\0*\0original\";a:13:{s:2:\"id\";i:3;s:4:\"disk\";s:6:\"public\";s:4:\"path\";s:54:\"media/2026/02/61d8909f-ddba-4464-89fa-b11926195fff.jpg\";s:14:\"thumbnail_path\";N;s:3:\"url\";s:63:\"/storage/media/2026/02/61d8909f-ddba-4464-89fa-b11926195fff.jpg\";s:3:\"alt\";N;s:5:\"title\";s:13:\"poster-tlas25\";s:4:\"mime\";s:10:\"image/jpeg\";s:4:\"size\";i:223055;s:5:\"width\";i:1536;s:6:\"height\";i:1094;s:10:\"created_at\";s:19:\"2026-02-24 14:49:27\";s:10:\"updated_at\";s:19:\"2026-04-15 05:04:01\";}s:10:\"\0*\0changes\";a:0:{}s:11:\"\0*\0previous\";a:0:{}s:8:\"\0*\0casts\";a:3:{s:4:\"size\";s:7:\"integer\";s:5:\"width\";s:7:\"integer\";s:6:\"height\";s:7:\"integer\";}s:17:\"\0*\0classCastCache\";a:0:{}s:21:\"\0*\0attributeCastCache\";a:0:{}s:13:\"\0*\0dateFormat\";N;s:10:\"\0*\0appends\";a:1:{i:0;s:13:\"thumbnail_url\";}s:19:\"\0*\0dispatchesEvents\";a:0:{}s:14:\"\0*\0observables\";a:0:{}s:12:\"\0*\0relations\";a:0:{}s:10:\"\0*\0touches\";a:0:{}s:27:\"\0*\0relationAutoloadCallback\";N;s:26:\"\0*\0relationAutoloadContext\";N;s:10:\"timestamps\";b:1;s:13:\"usesUniqueIds\";b:0;s:9:\"\0*\0hidden\";a:0:{}s:10:\"\0*\0visible\";a:0:{}s:11:\"\0*\0fillable\";a:10:{i:0;s:4:\"disk\";i:1;s:4:\"path\";i:2;s:14:\"thumbnail_path\";i:3;s:3:\"url\";i:4;s:3:\"alt\";i:5;s:5:\"title\";i:6;s:4:\"mime\";i:7;s:4:\"size\";i:8;s:5:\"width\";i:9;s:6:\"height\";}s:10:\"\0*\0guarded\";a:1:{i:0;s:1:\"*\";}}}s:10:\"\0*\0touches\";a:0:{}s:27:\"\0*\0relationAutoloadCallback\";N;s:26:\"\0*\0relationAutoloadContext\";N;s:10:\"timestamps\";b:1;s:13:\"usesUniqueIds\";b:0;s:9:\"\0*\0hidden\";a:0:{}s:10:\"\0*\0visible\";a:0:{}s:11:\"\0*\0fillable\";a:20:{i:0;s:5:\"title\";i:1;s:4:\"slug\";i:2;s:7:\"excerpt\";i:3;s:12:\"content_html\";i:4;s:8:\"start_at\";i:5;s:6:\"end_at\";i:6;s:5:\"venue\";i:7;s:4:\"city\";i:8;s:5:\"state\";i:9;s:7:\"country\";i:10;s:16:\"registration_url\";i:11;s:11:\"gdrive_link\";i:12;s:8:\"media_id\";i:13;s:18:\"venue_map_media_id\";i:14;s:12:\"is_published\";i:15;s:12:\"rsvp_enabled\";i:16;s:13:\"rsvp_deadline\";i:17;s:13:\"max_attendees\";i:18;s:16:\"require_approval\";i:19;s:9:\"meta_json\";}s:10:\"\0*\0guarded\";a:1:{i:0;s:1:\"*\";}}i:3;O:16:\"App\\Models\\Event\":33:{s:13:\"\0*\0connection\";s:5:\"mysql\";s:8:\"\0*\0table\";s:6:\"events\";s:13:\"\0*\0primaryKey\";s:2:\"id\";s:10:\"\0*\0keyType\";s:3:\"int\";s:12:\"incrementing\";b:1;s:7:\"\0*\0with\";a:0:{}s:12:\"\0*\0withCount\";a:0:{}s:19:\"preventsLazyLoading\";b:0;s:10:\"\0*\0perPage\";i:15;s:6:\"exists\";b:1;s:18:\"wasRecentlyCreated\";b:0;s:28:\"\0*\0escapeWhenCastingToString\";b:0;s:13:\"\0*\0attributes\";a:23:{s:2:\"id\";i:10;s:5:\"title\";s:31:\"MTA Annual Dinner & Awards 2025\";s:4:\"slug\";s:29:\"mta-annual-dinner-awards-2025\";s:7:\"excerpt\";s:74:\"Celebrating excellence and achievements in the Malaysian takaful industry.\";s:12:\"content_html\";s:133:\"<p>The <strong>MTA Annual Dinner & Awards 2025</strong> was a night to remember — celebrating the best of the takaful industry.</p>\";s:8:\"start_at\";s:19:\"2025-08-10 17:21:21\";s:6:\"end_at\";s:19:\"2025-08-10 22:21:21\";s:5:\"venue\";s:30:\"Mandarin Oriental Kuala Lumpur\";s:4:\"city\";s:12:\"Kuala Lumpur\";s:5:\"state\";s:19:\"Wilayah Persekutuan\";s:7:\"country\";s:8:\"Malaysia\";s:16:\"registration_url\";N;s:11:\"gdrive_link\";N;s:8:\"media_id\";N;s:18:\"venue_map_media_id\";N;s:12:\"is_published\";i:1;s:12:\"rsvp_enabled\";i:0;s:13:\"rsvp_deadline\";N;s:13:\"max_attendees\";N;s:16:\"require_approval\";i:0;s:9:\"meta_json\";N;s:10:\"created_at\";s:19:\"2026-02-26 17:21:21\";s:10:\"updated_at\";s:19:\"2026-02-26 17:21:21\";}s:11:\"\0*\0original\";a:23:{s:2:\"id\";i:10;s:5:\"title\";s:31:\"MTA Annual Dinner & Awards 2025\";s:4:\"slug\";s:29:\"mta-annual-dinner-awards-2025\";s:7:\"excerpt\";s:74:\"Celebrating excellence and achievements in the Malaysian takaful industry.\";s:12:\"content_html\";s:133:\"<p>The <strong>MTA Annual Dinner & Awards 2025</strong> was a night to remember — celebrating the best of the takaful industry.</p>\";s:8:\"start_at\";s:19:\"2025-08-10 17:21:21\";s:6:\"end_at\";s:19:\"2025-08-10 22:21:21\";s:5:\"venue\";s:30:\"Mandarin Oriental Kuala Lumpur\";s:4:\"city\";s:12:\"Kuala Lumpur\";s:5:\"state\";s:19:\"Wilayah Persekutuan\";s:7:\"country\";s:8:\"Malaysia\";s:16:\"registration_url\";N;s:11:\"gdrive_link\";N;s:8:\"media_id\";N;s:18:\"venue_map_media_id\";N;s:12:\"is_published\";i:1;s:12:\"rsvp_enabled\";i:0;s:13:\"rsvp_deadline\";N;s:13:\"max_attendees\";N;s:16:\"require_approval\";i:0;s:9:\"meta_json\";N;s:10:\"created_at\";s:19:\"2026-02-26 17:21:21\";s:10:\"updated_at\";s:19:\"2026-02-26 17:21:21\";}s:10:\"\0*\0changes\";a:0:{}s:11:\"\0*\0previous\";a:0:{}s:8:\"\0*\0casts\";a:8:{s:8:\"start_at\";s:8:\"datetime\";s:6:\"end_at\";s:8:\"datetime\";s:12:\"is_published\";s:7:\"boolean\";s:12:\"rsvp_enabled\";s:7:\"boolean\";s:13:\"rsvp_deadline\";s:8:\"datetime\";s:13:\"max_attendees\";s:7:\"integer\";s:16:\"require_approval\";s:7:\"boolean\";s:9:\"meta_json\";s:5:\"array\";}s:17:\"\0*\0classCastCache\";a:0:{}s:21:\"\0*\0attributeCastCache\";a:0:{}s:13:\"\0*\0dateFormat\";N;s:10:\"\0*\0appends\";a:1:{i:0;s:6:\"status\";}s:19:\"\0*\0dispatchesEvents\";a:0:{}s:14:\"\0*\0observables\";a:0:{}s:12:\"\0*\0relations\";a:1:{s:5:\"media\";N;}s:10:\"\0*\0touches\";a:0:{}s:27:\"\0*\0relationAutoloadCallback\";N;s:26:\"\0*\0relationAutoloadContext\";N;s:10:\"timestamps\";b:1;s:13:\"usesUniqueIds\";b:0;s:9:\"\0*\0hidden\";a:0:{}s:10:\"\0*\0visible\";a:0:{}s:11:\"\0*\0fillable\";a:20:{i:0;s:5:\"title\";i:1;s:4:\"slug\";i:2;s:7:\"excerpt\";i:3;s:12:\"content_html\";i:4;s:8:\"start_at\";i:5;s:6:\"end_at\";i:6;s:5:\"venue\";i:7;s:4:\"city\";i:8;s:5:\"state\";i:9;s:7:\"country\";i:10;s:16:\"registration_url\";i:11;s:11:\"gdrive_link\";i:12;s:8:\"media_id\";i:13;s:18:\"venue_map_media_id\";i:14;s:12:\"is_published\";i:15;s:12:\"rsvp_enabled\";i:16;s:13:\"rsvp_deadline\";i:17;s:13:\"max_attendees\";i:18;s:16:\"require_approval\";i:19;s:9:\"meta_json\";}s:10:\"\0*\0guarded\";a:1:{i:0;s:1:\"*\";}}i:4;O:16:\"App\\Models\\Event\":33:{s:13:\"\0*\0connection\";s:5:\"mysql\";s:8:\"\0*\0table\";s:6:\"events\";s:13:\"\0*\0primaryKey\";s:2:\"id\";s:10:\"\0*\0keyType\";s:3:\"int\";s:12:\"incrementing\";b:1;s:7:\"\0*\0with\";a:0:{}s:12:\"\0*\0withCount\";a:0:{}s:19:\"preventsLazyLoading\";b:0;s:10:\"\0*\0perPage\";i:15;s:6:\"exists\";b:1;s:18:\"wasRecentlyCreated\";b:0;s:28:\"\0*\0escapeWhenCastingToString\";b:0;s:13:\"\0*\0attributes\";a:23:{s:2:\"id\";i:3;s:5:\"title\";s:29:\"Takaful4All Larian Hero Hijau\";s:4:\"slug\";s:29:\"takaful4all-larian-hero-hijau\";s:7:\"excerpt\";N;s:12:\"content_html\";s:0:\"\";s:8:\"start_at\";s:19:\"2024-12-15 12:14:00\";s:6:\"end_at\";s:19:\"2024-12-15 12:14:00\";s:5:\"venue\";s:10:\"Taman Tugu\";s:4:\"city\";s:12:\"Kuala Lumpur\";s:5:\"state\";N;s:7:\"country\";s:8:\"Malaysia\";s:16:\"registration_url\";N;s:11:\"gdrive_link\";N;s:8:\"media_id\";i:29;s:18:\"venue_map_media_id\";N;s:12:\"is_published\";i:1;s:12:\"rsvp_enabled\";i:0;s:13:\"rsvp_deadline\";N;s:13:\"max_attendees\";N;s:16:\"require_approval\";i:0;s:9:\"meta_json\";N;s:10:\"created_at\";s:19:\"2026-02-24 12:14:37\";s:10:\"updated_at\";s:19:\"2026-02-24 16:12:43\";}s:11:\"\0*\0original\";a:23:{s:2:\"id\";i:3;s:5:\"title\";s:29:\"Takaful4All Larian Hero Hijau\";s:4:\"slug\";s:29:\"takaful4all-larian-hero-hijau\";s:7:\"excerpt\";N;s:12:\"content_html\";s:0:\"\";s:8:\"start_at\";s:19:\"2024-12-15 12:14:00\";s:6:\"end_at\";s:19:\"2024-12-15 12:14:00\";s:5:\"venue\";s:10:\"Taman Tugu\";s:4:\"city\";s:12:\"Kuala Lumpur\";s:5:\"state\";N;s:7:\"country\";s:8:\"Malaysia\";s:16:\"registration_url\";N;s:11:\"gdrive_link\";N;s:8:\"media_id\";i:29;s:18:\"venue_map_media_id\";N;s:12:\"is_published\";i:1;s:12:\"rsvp_enabled\";i:0;s:13:\"rsvp_deadline\";N;s:13:\"max_attendees\";N;s:16:\"require_approval\";i:0;s:9:\"meta_json\";N;s:10:\"created_at\";s:19:\"2026-02-24 12:14:37\";s:10:\"updated_at\";s:19:\"2026-02-24 16:12:43\";}s:10:\"\0*\0changes\";a:0:{}s:11:\"\0*\0previous\";a:0:{}s:8:\"\0*\0casts\";a:8:{s:8:\"start_at\";s:8:\"datetime\";s:6:\"end_at\";s:8:\"datetime\";s:12:\"is_published\";s:7:\"boolean\";s:12:\"rsvp_enabled\";s:7:\"boolean\";s:13:\"rsvp_deadline\";s:8:\"datetime\";s:13:\"max_attendees\";s:7:\"integer\";s:16:\"require_approval\";s:7:\"boolean\";s:9:\"meta_json\";s:5:\"array\";}s:17:\"\0*\0classCastCache\";a:0:{}s:21:\"\0*\0attributeCastCache\";a:0:{}s:13:\"\0*\0dateFormat\";N;s:10:\"\0*\0appends\";a:1:{i:0;s:6:\"status\";}s:19:\"\0*\0dispatchesEvents\";a:0:{}s:14:\"\0*\0observables\";a:0:{}s:12:\"\0*\0relations\";a:1:{s:5:\"media\";O:16:\"App\\Models\\Media\":33:{s:13:\"\0*\0connection\";s:5:\"mysql\";s:8:\"\0*\0table\";s:5:\"media\";s:13:\"\0*\0primaryKey\";s:2:\"id\";s:10:\"\0*\0keyType\";s:3:\"int\";s:12:\"incrementing\";b:1;s:7:\"\0*\0with\";a:0:{}s:12:\"\0*\0withCount\";a:0:{}s:19:\"preventsLazyLoading\";b:0;s:10:\"\0*\0perPage\";i:15;s:6:\"exists\";b:1;s:18:\"wasRecentlyCreated\";b:0;s:28:\"\0*\0escapeWhenCastingToString\";b:0;s:13:\"\0*\0attributes\";a:13:{s:2:\"id\";i:29;s:4:\"disk\";s:6:\"public\";s:4:\"path\";s:54:\"media/2026/02/f40a3b4c-9c5f-41d2-af8a-36b2e52ebf59.jpg\";s:14:\"thumbnail_path\";N;s:3:\"url\";s:63:\"/storage/media/2026/02/f40a3b4c-9c5f-41d2-af8a-36b2e52ebf59.jpg\";s:3:\"alt\";N;s:5:\"title\";s:22:\"larian-hijau-4-768x768\";s:4:\"mime\";s:10:\"image/jpeg\";s:4:\"size\";i:103144;s:5:\"width\";i:768;s:6:\"height\";i:768;s:10:\"created_at\";s:19:\"2026-02-24 16:11:18\";s:10:\"updated_at\";s:19:\"2026-04-15 05:04:01\";}s:11:\"\0*\0original\";a:13:{s:2:\"id\";i:29;s:4:\"disk\";s:6:\"public\";s:4:\"path\";s:54:\"media/2026/02/f40a3b4c-9c5f-41d2-af8a-36b2e52ebf59.jpg\";s:14:\"thumbnail_path\";N;s:3:\"url\";s:63:\"/storage/media/2026/02/f40a3b4c-9c5f-41d2-af8a-36b2e52ebf59.jpg\";s:3:\"alt\";N;s:5:\"title\";s:22:\"larian-hijau-4-768x768\";s:4:\"mime\";s:10:\"image/jpeg\";s:4:\"size\";i:103144;s:5:\"width\";i:768;s:6:\"height\";i:768;s:10:\"created_at\";s:19:\"2026-02-24 16:11:18\";s:10:\"updated_at\";s:19:\"2026-04-15 05:04:01\";}s:10:\"\0*\0changes\";a:0:{}s:11:\"\0*\0previous\";a:0:{}s:8:\"\0*\0casts\";a:3:{s:4:\"size\";s:7:\"integer\";s:5:\"width\";s:7:\"integer\";s:6:\"height\";s:7:\"integer\";}s:17:\"\0*\0classCastCache\";a:0:{}s:21:\"\0*\0attributeCastCache\";a:0:{}s:13:\"\0*\0dateFormat\";N;s:10:\"\0*\0appends\";a:1:{i:0;s:13:\"thumbnail_url\";}s:19:\"\0*\0dispatchesEvents\";a:0:{}s:14:\"\0*\0observables\";a:0:{}s:12:\"\0*\0relations\";a:0:{}s:10:\"\0*\0touches\";a:0:{}s:27:\"\0*\0relationAutoloadCallback\";N;s:26:\"\0*\0relationAutoloadContext\";N;s:10:\"timestamps\";b:1;s:13:\"usesUniqueIds\";b:0;s:9:\"\0*\0hidden\";a:0:{}s:10:\"\0*\0visible\";a:0:{}s:11:\"\0*\0fillable\";a:10:{i:0;s:4:\"disk\";i:1;s:4:\"path\";i:2;s:14:\"thumbnail_path\";i:3;s:3:\"url\";i:4;s:3:\"alt\";i:5;s:5:\"title\";i:6;s:4:\"mime\";i:7;s:4:\"size\";i:8;s:5:\"width\";i:9;s:6:\"height\";}s:10:\"\0*\0guarded\";a:1:{i:0;s:1:\"*\";}}}s:10:\"\0*\0touches\";a:0:{}s:27:\"\0*\0relationAutoloadCallback\";N;s:26:\"\0*\0relationAutoloadContext\";N;s:10:\"timestamps\";b:1;s:13:\"usesUniqueIds\";b:0;s:9:\"\0*\0hidden\";a:0:{}s:10:\"\0*\0visible\";a:0:{}s:11:\"\0*\0fillable\";a:20:{i:0;s:5:\"title\";i:1;s:4:\"slug\";i:2;s:7:\"excerpt\";i:3;s:12:\"content_html\";i:4;s:8:\"start_at\";i:5;s:6:\"end_at\";i:6;s:5:\"venue\";i:7;s:4:\"city\";i:8;s:5:\"state\";i:9;s:7:\"country\";i:10;s:16:\"registration_url\";i:11;s:11:\"gdrive_link\";i:12;s:8:\"media_id\";i:13;s:18:\"venue_map_media_id\";i:14;s:12:\"is_published\";i:15;s:12:\"rsvp_enabled\";i:16;s:13:\"rsvp_deadline\";i:17;s:13:\"max_attendees\";i:18;s:16:\"require_approval\";i:19;s:9:\"meta_json\";}s:10:\"\0*\0guarded\";a:1:{i:0;s:1:\"*\";}}i:5;O:16:\"App\\Models\\Event\":33:{s:13:\"\0*\0connection\";s:5:\"mysql\";s:8:\"\0*\0table\";s:6:\"events\";s:13:\"\0*\0primaryKey\";s:2:\"id\";s:10:\"\0*\0keyType\";s:3:\"int\";s:12:\"incrementing\";b:1;s:7:\"\0*\0with\";a:0:{}s:12:\"\0*\0withCount\";a:0:{}s:19:\"preventsLazyLoading\";b:0;s:10:\"\0*\0perPage\";i:15;s:6:\"exists\";b:1;s:18:\"wasRecentlyCreated\";b:0;s:28:\"\0*\0escapeWhenCastingToString\";b:0;s:13:\"\0*\0attributes\";a:23:{s:2:\"id\";i:4;s:5:\"title\";s:30:\"Takaful4All Sustainability Day\";s:4:\"slug\";s:30:\"takaful4all-sustainability-day\";s:7:\"excerpt\";s:296:\"The Malaysian Takaful Association (MTA) is looking forward to meet you at the Takafu4Alll Sustainability Day 2024, themed “Protect, Care, Sustain”. This event is part of the Hijrah 27 Working Group 4 initiative which is championing the Takaful Industry’s ESG and Sustainability initiatives.\";s:12:\"content_html\";s:2388:\"<p>The Malaysian Takaful Association (MTA) is looking forward to meet you at the <strong>Takafu4Alll Sustainability Day 2024</strong>, themed<strong>&nbsp;“Protect, Care, Sustain”</strong>. This event is part of the <strong>Hijrah 27 Working Group 4</strong>&nbsp;initiative which is championing the Takaful Industry’s ESG and Sustainability initiatives.&nbsp;</p><p>Our vision is simple but yet powerful: to inspire everyone, especially the younger generation, to adopt sustainable practices and environmental conservation in their daily lives. This fun-filled day promises something for everyone which will feature interactive and hands-on activities designed to connect everyone with nature whilst promoting good health, fostering a deeper understanding and commitment to sustainability.&nbsp;</p><p>Highlights of the events:</p><ul><li><p><strong>Larian Hero Hijau</strong>: A refreshing 5 kilo meter morning fun-run at perimeter of Taman Tugu to kickstart the day.</p></li><li><p><strong>Zero Waste Lifestyle Workshop</strong>: Learn practical steps toward sustainable living with Zero Waste Malaysia.</p></li><li><p><strong>Launch of Takaful4All Disaster Response Team</strong>: Witness the unveiling of this impactful initiative by Takaful Industry in expanding its Disaster Response Team – don’t miss the chance to register for the Takaful Disaster Taskforce, which is co-organized with Jabatan Bomba dan Penyelamat Malaysia.</p></li><li><p><strong>Sustainability Carnival</strong>: Engage in eco-friendly workshops, art, photography, and financial &amp; sustainability literacy activities.</p></li><li><p><strong>Folks Sport Activities:</strong>&nbsp;Relive your childhood memories through “Timbang Bulu Ayam” and “Musang Berjanggut” games to bring back the good old days</p></li><li><p><strong>Coloring Contest:</strong>&nbsp;Educating the children on preserving nature for sustainability&nbsp;</p></li><li><p><strong>Takaful Sustainability Booth:</strong>&nbsp;Showcase of Sustainability activities or Takaful Products by 15 Takaful Operators</p></li></ul><p>We would love for this event to be a day of fun, learning, and connection—not just for you but also for your teams, families, and friends. We kindly ask for your support in spreading the word by sharing this invitation across your organisation to ensure everyone has the opportunity to join us.</p>\";s:8:\"start_at\";s:19:\"2024-12-15 12:14:00\";s:6:\"end_at\";s:19:\"2024-12-15 17:14:00\";s:5:\"venue\";s:18:\"Taman Tugu Nursery\";s:4:\"city\";s:12:\"Kuala Lumpur\";s:5:\"state\";s:19:\"Wilayah Persekutuan\";s:7:\"country\";s:8:\"Malaysia\";s:16:\"registration_url\";N;s:11:\"gdrive_link\";N;s:8:\"media_id\";i:30;s:18:\"venue_map_media_id\";N;s:12:\"is_published\";i:1;s:12:\"rsvp_enabled\";i:0;s:13:\"rsvp_deadline\";N;s:13:\"max_attendees\";N;s:16:\"require_approval\";i:0;s:9:\"meta_json\";N;s:10:\"created_at\";s:19:\"2026-02-24 12:14:37\";s:10:\"updated_at\";s:19:\"2026-02-24 16:14:21\";}s:11:\"\0*\0original\";a:23:{s:2:\"id\";i:4;s:5:\"title\";s:30:\"Takaful4All Sustainability Day\";s:4:\"slug\";s:30:\"takaful4all-sustainability-day\";s:7:\"excerpt\";s:296:\"The Malaysian Takaful Association (MTA) is looking forward to meet you at the Takafu4Alll Sustainability Day 2024, themed “Protect, Care, Sustain”. This event is part of the Hijrah 27 Working Group 4 initiative which is championing the Takaful Industry’s ESG and Sustainability initiatives.\";s:12:\"content_html\";s:2388:\"<p>The Malaysian Takaful Association (MTA) is looking forward to meet you at the <strong>Takafu4Alll Sustainability Day 2024</strong>, themed<strong>&nbsp;“Protect, Care, Sustain”</strong>. This event is part of the <strong>Hijrah 27 Working Group 4</strong>&nbsp;initiative which is championing the Takaful Industry’s ESG and Sustainability initiatives.&nbsp;</p><p>Our vision is simple but yet powerful: to inspire everyone, especially the younger generation, to adopt sustainable practices and environmental conservation in their daily lives. This fun-filled day promises something for everyone which will feature interactive and hands-on activities designed to connect everyone with nature whilst promoting good health, fostering a deeper understanding and commitment to sustainability.&nbsp;</p><p>Highlights of the events:</p><ul><li><p><strong>Larian Hero Hijau</strong>: A refreshing 5 kilo meter morning fun-run at perimeter of Taman Tugu to kickstart the day.</p></li><li><p><strong>Zero Waste Lifestyle Workshop</strong>: Learn practical steps toward sustainable living with Zero Waste Malaysia.</p></li><li><p><strong>Launch of Takaful4All Disaster Response Team</strong>: Witness the unveiling of this impactful initiative by Takaful Industry in expanding its Disaster Response Team – don’t miss the chance to register for the Takaful Disaster Taskforce, which is co-organized with Jabatan Bomba dan Penyelamat Malaysia.</p></li><li><p><strong>Sustainability Carnival</strong>: Engage in eco-friendly workshops, art, photography, and financial &amp; sustainability literacy activities.</p></li><li><p><strong>Folks Sport Activities:</strong>&nbsp;Relive your childhood memories through “Timbang Bulu Ayam” and “Musang Berjanggut” games to bring back the good old days</p></li><li><p><strong>Coloring Contest:</strong>&nbsp;Educating the children on preserving nature for sustainability&nbsp;</p></li><li><p><strong>Takaful Sustainability Booth:</strong>&nbsp;Showcase of Sustainability activities or Takaful Products by 15 Takaful Operators</p></li></ul><p>We would love for this event to be a day of fun, learning, and connection—not just for you but also for your teams, families, and friends. We kindly ask for your support in spreading the word by sharing this invitation across your organisation to ensure everyone has the opportunity to join us.</p>\";s:8:\"start_at\";s:19:\"2024-12-15 12:14:00\";s:6:\"end_at\";s:19:\"2024-12-15 17:14:00\";s:5:\"venue\";s:18:\"Taman Tugu Nursery\";s:4:\"city\";s:12:\"Kuala Lumpur\";s:5:\"state\";s:19:\"Wilayah Persekutuan\";s:7:\"country\";s:8:\"Malaysia\";s:16:\"registration_url\";N;s:11:\"gdrive_link\";N;s:8:\"media_id\";i:30;s:18:\"venue_map_media_id\";N;s:12:\"is_published\";i:1;s:12:\"rsvp_enabled\";i:0;s:13:\"rsvp_deadline\";N;s:13:\"max_attendees\";N;s:16:\"require_approval\";i:0;s:9:\"meta_json\";N;s:10:\"created_at\";s:19:\"2026-02-24 12:14:37\";s:10:\"updated_at\";s:19:\"2026-02-24 16:14:21\";}s:10:\"\0*\0changes\";a:0:{}s:11:\"\0*\0previous\";a:0:{}s:8:\"\0*\0casts\";a:8:{s:8:\"start_at\";s:8:\"datetime\";s:6:\"end_at\";s:8:\"datetime\";s:12:\"is_published\";s:7:\"boolean\";s:12:\"rsvp_enabled\";s:7:\"boolean\";s:13:\"rsvp_deadline\";s:8:\"datetime\";s:13:\"max_attendees\";s:7:\"integer\";s:16:\"require_approval\";s:7:\"boolean\";s:9:\"meta_json\";s:5:\"array\";}s:17:\"\0*\0classCastCache\";a:0:{}s:21:\"\0*\0attributeCastCache\";a:0:{}s:13:\"\0*\0dateFormat\";N;s:10:\"\0*\0appends\";a:1:{i:0;s:6:\"status\";}s:19:\"\0*\0dispatchesEvents\";a:0:{}s:14:\"\0*\0observables\";a:0:{}s:12:\"\0*\0relations\";a:1:{s:5:\"media\";O:16:\"App\\Models\\Media\":33:{s:13:\"\0*\0connection\";s:5:\"mysql\";s:8:\"\0*\0table\";s:5:\"media\";s:13:\"\0*\0primaryKey\";s:2:\"id\";s:10:\"\0*\0keyType\";s:3:\"int\";s:12:\"incrementing\";b:1;s:7:\"\0*\0with\";a:0:{}s:12:\"\0*\0withCount\";a:0:{}s:19:\"preventsLazyLoading\";b:0;s:10:\"\0*\0perPage\";i:15;s:6:\"exists\";b:1;s:18:\"wasRecentlyCreated\";b:0;s:28:\"\0*\0escapeWhenCastingToString\";b:0;s:13:\"\0*\0attributes\";a:13:{s:2:\"id\";i:30;s:4:\"disk\";s:6:\"public\";s:4:\"path\";s:54:\"media/2026/02/9c3a1613-c281-4bbc-bd31-d1a0ada7d500.jpg\";s:14:\"thumbnail_path\";N;s:3:\"url\";s:63:\"/storage/media/2026/02/9c3a1613-c281-4bbc-bd31-d1a0ada7d500.jpg\";s:3:\"alt\";N;s:5:\"title\";s:27:\"sutainability-day-1-768x768\";s:4:\"mime\";s:10:\"image/jpeg\";s:4:\"size\";i:125074;s:5:\"width\";i:768;s:6:\"height\";i:768;s:10:\"created_at\";s:19:\"2026-02-24 16:14:20\";s:10:\"updated_at\";s:19:\"2026-02-24 16:14:20\";}s:11:\"\0*\0original\";a:13:{s:2:\"id\";i:30;s:4:\"disk\";s:6:\"public\";s:4:\"path\";s:54:\"media/2026/02/9c3a1613-c281-4bbc-bd31-d1a0ada7d500.jpg\";s:14:\"thumbnail_path\";N;s:3:\"url\";s:63:\"/storage/media/2026/02/9c3a1613-c281-4bbc-bd31-d1a0ada7d500.jpg\";s:3:\"alt\";N;s:5:\"title\";s:27:\"sutainability-day-1-768x768\";s:4:\"mime\";s:10:\"image/jpeg\";s:4:\"size\";i:125074;s:5:\"width\";i:768;s:6:\"height\";i:768;s:10:\"created_at\";s:19:\"2026-02-24 16:14:20\";s:10:\"updated_at\";s:19:\"2026-02-24 16:14:20\";}s:10:\"\0*\0changes\";a:0:{}s:11:\"\0*\0previous\";a:0:{}s:8:\"\0*\0casts\";a:3:{s:4:\"size\";s:7:\"integer\";s:5:\"width\";s:7:\"integer\";s:6:\"height\";s:7:\"integer\";}s:17:\"\0*\0classCastCache\";a:0:{}s:21:\"\0*\0attributeCastCache\";a:0:{}s:13:\"\0*\0dateFormat\";N;s:10:\"\0*\0appends\";a:1:{i:0;s:13:\"thumbnail_url\";}s:19:\"\0*\0dispatchesEvents\";a:0:{}s:14:\"\0*\0observables\";a:0:{}s:12:\"\0*\0relations\";a:0:{}s:10:\"\0*\0touches\";a:0:{}s:27:\"\0*\0relationAutoloadCallback\";N;s:26:\"\0*\0relationAutoloadContext\";N;s:10:\"timestamps\";b:1;s:13:\"usesUniqueIds\";b:0;s:9:\"\0*\0hidden\";a:0:{}s:10:\"\0*\0visible\";a:0:{}s:11:\"\0*\0fillable\";a:10:{i:0;s:4:\"disk\";i:1;s:4:\"path\";i:2;s:14:\"thumbnail_path\";i:3;s:3:\"url\";i:4;s:3:\"alt\";i:5;s:5:\"title\";i:6;s:4:\"mime\";i:7;s:4:\"size\";i:8;s:5:\"width\";i:9;s:6:\"height\";}s:10:\"\0*\0guarded\";a:1:{i:0;s:1:\"*\";}}}s:10:\"\0*\0touches\";a:0:{}s:27:\"\0*\0relationAutoloadCallback\";N;s:26:\"\0*\0relationAutoloadContext\";N;s:10:\"timestamps\";b:1;s:13:\"usesUniqueIds\";b:0;s:9:\"\0*\0hidden\";a:0:{}s:10:\"\0*\0visible\";a:0:{}s:11:\"\0*\0fillable\";a:20:{i:0;s:5:\"title\";i:1;s:4:\"slug\";i:2;s:7:\"excerpt\";i:3;s:12:\"content_html\";i:4;s:8:\"start_at\";i:5;s:6:\"end_at\";i:6;s:5:\"venue\";i:7;s:4:\"city\";i:8;s:5:\"state\";i:9;s:7:\"country\";i:10;s:16:\"registration_url\";i:11;s:11:\"gdrive_link\";i:12;s:8:\"media_id\";i:13;s:18:\"venue_map_media_id\";i:14;s:12:\"is_published\";i:15;s:12:\"rsvp_enabled\";i:16;s:13:\"rsvp_deadline\";i:17;s:13:\"max_attendees\";i:18;s:16:\"require_approval\";i:19;s:9:\"meta_json\";}s:10:\"\0*\0guarded\";a:1:{i:0;s:1:\"*\";}}i:6;O:16:\"App\\Models\\Event\":33:{s:13:\"\0*\0connection\";s:5:\"mysql\";s:8:\"\0*\0table\";s:6:\"events\";s:13:\"\0*\0primaryKey\";s:2:\"id\";s:10:\"\0*\0keyType\";s:3:\"int\";s:12:\"incrementing\";b:1;s:7:\"\0*\0with\";a:0:{}s:12:\"\0*\0withCount\";a:0:{}s:19:\"preventsLazyLoading\";b:0;s:10:\"\0*\0perPage\";i:15;s:6:\"exists\";b:1;s:18:\"wasRecentlyCreated\";b:0;s:28:\"\0*\0escapeWhenCastingToString\";b:0;s:13:\"\0*\0attributes\";a:23:{s:2:\"id\";i:5;s:5:\"title\";s:39:\"Takaful4All Inter-TO Bowling Tournament\";s:4:\"slug\";s:39:\"takaful4all-inter-to-bowling-tournament\";s:7:\"excerpt\";s:314:\"This tournament is one of MTA’s initiatives to create a “Healthy Lifestyle” culture among its member companies through sportsmanship. In addition, through the organization of this sports tournament, it is also hoped to create sportsmanship among the takaful industry in addition to unearthing hidden talents.\";s:12:\"content_html\";s:1014:\"<p>The objectives of the Bowling Tournament are:</p><ul><li><p>Strengthening the Healthy Lifestayle culture by organising events that encourage social interaction, enjoyment, and a sense of belonging among MTA member employees.</p></li><li><p>Creating opportunities for MTA member employees from different departments or levels of the organisation to connect and network in a casual and informal setting, potentially fostering cross-departmental collaboration and communication.</p></li><li><p>Encouraging friendly competition among MTA member companies, which can promote a sense of achievement and satisfaction as well as help develop a competitive spirit in a positive context</p></li></ul><p>This tournament is one of MTA’s initiatives to create a “Healthy Lifestyle” culture among its member companies through sportsmanship. In addition, through the organization of this sports tournament, it is also hoped to create sportsmanship among the takaful industry in addition to unearthing hidden talents.</p>\";s:8:\"start_at\";s:19:\"2024-06-01 14:02:00\";s:6:\"end_at\";s:19:\"2024-06-01 14:30:00\";s:5:\"venue\";s:14:\"Sunway Pyramid\";s:4:\"city\";N;s:5:\"state\";N;s:7:\"country\";s:8:\"Malaysia\";s:16:\"registration_url\";N;s:11:\"gdrive_link\";N;s:8:\"media_id\";i:31;s:18:\"venue_map_media_id\";N;s:12:\"is_published\";i:1;s:12:\"rsvp_enabled\";i:0;s:13:\"rsvp_deadline\";N;s:13:\"max_attendees\";N;s:16:\"require_approval\";i:0;s:9:\"meta_json\";N;s:10:\"created_at\";s:19:\"2026-02-24 16:16:10\";s:10:\"updated_at\";s:19:\"2026-02-24 16:16:10\";}s:11:\"\0*\0original\";a:23:{s:2:\"id\";i:5;s:5:\"title\";s:39:\"Takaful4All Inter-TO Bowling Tournament\";s:4:\"slug\";s:39:\"takaful4all-inter-to-bowling-tournament\";s:7:\"excerpt\";s:314:\"This tournament is one of MTA’s initiatives to create a “Healthy Lifestyle” culture among its member companies through sportsmanship. In addition, through the organization of this sports tournament, it is also hoped to create sportsmanship among the takaful industry in addition to unearthing hidden talents.\";s:12:\"content_html\";s:1014:\"<p>The objectives of the Bowling Tournament are:</p><ul><li><p>Strengthening the Healthy Lifestayle culture by organising events that encourage social interaction, enjoyment, and a sense of belonging among MTA member employees.</p></li><li><p>Creating opportunities for MTA member employees from different departments or levels of the organisation to connect and network in a casual and informal setting, potentially fostering cross-departmental collaboration and communication.</p></li><li><p>Encouraging friendly competition among MTA member companies, which can promote a sense of achievement and satisfaction as well as help develop a competitive spirit in a positive context</p></li></ul><p>This tournament is one of MTA’s initiatives to create a “Healthy Lifestyle” culture among its member companies through sportsmanship. In addition, through the organization of this sports tournament, it is also hoped to create sportsmanship among the takaful industry in addition to unearthing hidden talents.</p>\";s:8:\"start_at\";s:19:\"2024-06-01 14:02:00\";s:6:\"end_at\";s:19:\"2024-06-01 14:30:00\";s:5:\"venue\";s:14:\"Sunway Pyramid\";s:4:\"city\";N;s:5:\"state\";N;s:7:\"country\";s:8:\"Malaysia\";s:16:\"registration_url\";N;s:11:\"gdrive_link\";N;s:8:\"media_id\";i:31;s:18:\"venue_map_media_id\";N;s:12:\"is_published\";i:1;s:12:\"rsvp_enabled\";i:0;s:13:\"rsvp_deadline\";N;s:13:\"max_attendees\";N;s:16:\"require_approval\";i:0;s:9:\"meta_json\";N;s:10:\"created_at\";s:19:\"2026-02-24 16:16:10\";s:10:\"updated_at\";s:19:\"2026-02-24 16:16:10\";}s:10:\"\0*\0changes\";a:0:{}s:11:\"\0*\0previous\";a:0:{}s:8:\"\0*\0casts\";a:8:{s:8:\"start_at\";s:8:\"datetime\";s:6:\"end_at\";s:8:\"datetime\";s:12:\"is_published\";s:7:\"boolean\";s:12:\"rsvp_enabled\";s:7:\"boolean\";s:13:\"rsvp_deadline\";s:8:\"datetime\";s:13:\"max_attendees\";s:7:\"integer\";s:16:\"require_approval\";s:7:\"boolean\";s:9:\"meta_json\";s:5:\"array\";}s:17:\"\0*\0classCastCache\";a:0:{}s:21:\"\0*\0attributeCastCache\";a:0:{}s:13:\"\0*\0dateFormat\";N;s:10:\"\0*\0appends\";a:1:{i:0;s:6:\"status\";}s:19:\"\0*\0dispatchesEvents\";a:0:{}s:14:\"\0*\0observables\";a:0:{}s:12:\"\0*\0relations\";a:1:{s:5:\"media\";O:16:\"App\\Models\\Media\":33:{s:13:\"\0*\0connection\";s:5:\"mysql\";s:8:\"\0*\0table\";s:5:\"media\";s:13:\"\0*\0primaryKey\";s:2:\"id\";s:10:\"\0*\0keyType\";s:3:\"int\";s:12:\"incrementing\";b:1;s:7:\"\0*\0with\";a:0:{}s:12:\"\0*\0withCount\";a:0:{}s:19:\"preventsLazyLoading\";b:0;s:10:\"\0*\0perPage\";i:15;s:6:\"exists\";b:1;s:18:\"wasRecentlyCreated\";b:0;s:28:\"\0*\0escapeWhenCastingToString\";b:0;s:13:\"\0*\0attributes\";a:13:{s:2:\"id\";i:31;s:4:\"disk\";s:6:\"public\";s:4:\"path\";s:54:\"media/2026/02/11e91534-cd12-4f32-b9a1-1ecc9f51c924.jpg\";s:14:\"thumbnail_path\";N;s:3:\"url\";s:63:\"/storage/media/2026/02/11e91534-cd12-4f32-b9a1-1ecc9f51c924.jpg\";s:3:\"alt\";N;s:5:\"title\";s:27:\"bowling-tournament-576x1024\";s:4:\"mime\";s:10:\"image/jpeg\";s:4:\"size\";i:81247;s:5:\"width\";i:576;s:6:\"height\";i:1024;s:10:\"created_at\";s:19:\"2026-02-24 16:16:09\";s:10:\"updated_at\";s:19:\"2026-04-15 05:04:01\";}s:11:\"\0*\0original\";a:13:{s:2:\"id\";i:31;s:4:\"disk\";s:6:\"public\";s:4:\"path\";s:54:\"media/2026/02/11e91534-cd12-4f32-b9a1-1ecc9f51c924.jpg\";s:14:\"thumbnail_path\";N;s:3:\"url\";s:63:\"/storage/media/2026/02/11e91534-cd12-4f32-b9a1-1ecc9f51c924.jpg\";s:3:\"alt\";N;s:5:\"title\";s:27:\"bowling-tournament-576x1024\";s:4:\"mime\";s:10:\"image/jpeg\";s:4:\"size\";i:81247;s:5:\"width\";i:576;s:6:\"height\";i:1024;s:10:\"created_at\";s:19:\"2026-02-24 16:16:09\";s:10:\"updated_at\";s:19:\"2026-04-15 05:04:01\";}s:10:\"\0*\0changes\";a:0:{}s:11:\"\0*\0previous\";a:0:{}s:8:\"\0*\0casts\";a:3:{s:4:\"size\";s:7:\"integer\";s:5:\"width\";s:7:\"integer\";s:6:\"height\";s:7:\"integer\";}s:17:\"\0*\0classCastCache\";a:0:{}s:21:\"\0*\0attributeCastCache\";a:0:{}s:13:\"\0*\0dateFormat\";N;s:10:\"\0*\0appends\";a:1:{i:0;s:13:\"thumbnail_url\";}s:19:\"\0*\0dispatchesEvents\";a:0:{}s:14:\"\0*\0observables\";a:0:{}s:12:\"\0*\0relations\";a:0:{}s:10:\"\0*\0touches\";a:0:{}s:27:\"\0*\0relationAutoloadCallback\";N;s:26:\"\0*\0relationAutoloadContext\";N;s:10:\"timestamps\";b:1;s:13:\"usesUniqueIds\";b:0;s:9:\"\0*\0hidden\";a:0:{}s:10:\"\0*\0visible\";a:0:{}s:11:\"\0*\0fillable\";a:10:{i:0;s:4:\"disk\";i:1;s:4:\"path\";i:2;s:14:\"thumbnail_path\";i:3;s:3:\"url\";i:4;s:3:\"alt\";i:5;s:5:\"title\";i:6;s:4:\"mime\";i:7;s:4:\"size\";i:8;s:5:\"width\";i:9;s:6:\"height\";}s:10:\"\0*\0guarded\";a:1:{i:0;s:1:\"*\";}}}s:10:\"\0*\0touches\";a:0:{}s:27:\"\0*\0relationAutoloadCallback\";N;s:26:\"\0*\0relationAutoloadContext\";N;s:10:\"timestamps\";b:1;s:13:\"usesUniqueIds\";b:0;s:9:\"\0*\0hidden\";a:0:{}s:10:\"\0*\0visible\";a:0:{}s:11:\"\0*\0fillable\";a:20:{i:0;s:5:\"title\";i:1;s:4:\"slug\";i:2;s:7:\"excerpt\";i:3;s:12:\"content_html\";i:4;s:8:\"start_at\";i:5;s:6:\"end_at\";i:6;s:5:\"venue\";i:7;s:4:\"city\";i:8;s:5:\"state\";i:9;s:7:\"country\";i:10;s:16:\"registration_url\";i:11;s:11:\"gdrive_link\";i:12;s:8:\"media_id\";i:13;s:18:\"venue_map_media_id\";i:14;s:12:\"is_published\";i:15;s:12:\"rsvp_enabled\";i:16;s:13:\"rsvp_deadline\";i:17;s:13:\"max_attendees\";i:18;s:16:\"require_approval\";i:19;s:9:\"meta_json\";}s:10:\"\0*\0guarded\";a:1:{i:0;s:1:\"*\";}}}s:28:\"\0*\0escapeWhenCastingToString\";b:0;}',1776270579),('takaful-events-cache-home.podcasts','O:39:\"Illuminate\\Database\\Eloquent\\Collection\":2:{s:8:\"\0*\0items\";a:6:{i:0;O:15:\"App\\Models\\Post\":33:{s:13:\"\0*\0connection\";s:5:\"mysql\";s:8:\"\0*\0table\";s:5:\"posts\";s:13:\"\0*\0primaryKey\";s:2:\"id\";s:10:\"\0*\0keyType\";s:3:\"int\";s:12:\"incrementing\";b:1;s:7:\"\0*\0with\";a:0:{}s:12:\"\0*\0withCount\";a:0:{}s:19:\"preventsLazyLoading\";b:0;s:10:\"\0*\0perPage\";i:15;s:6:\"exists\";b:1;s:18:\"wasRecentlyCreated\";b:0;s:28:\"\0*\0escapeWhenCastingToString\";b:0;s:13:\"\0*\0attributes\";a:13:{s:2:\"id\";i:28;s:4:\"type\";s:7:\"podcast\";s:5:\"title\";s:53:\"Episode 3: Microtalkaful — Reaching the Underserved\";s:4:\"slug\";s:48:\"episode-3-microtalkaful-reaching-the-underserved\";s:7:\"excerpt\";s:107:\"A deep dive into micro-takaful products and their potential to expand coverage to lower-income communities.\";s:12:\"content_html\";s:92:\"<p>Micro-takaful products are changing the landscape of financial inclusion in Malaysia.</p>\";s:9:\"embed_url\";N;s:8:\"media_id\";N;s:12:\"is_published\";i:1;s:12:\"published_at\";s:19:\"2026-02-21 17:21:21\";s:9:\"meta_json\";N;s:10:\"created_at\";s:19:\"2026-02-26 17:21:21\";s:10:\"updated_at\";s:19:\"2026-02-26 17:21:21\";}s:11:\"\0*\0original\";a:13:{s:2:\"id\";i:28;s:4:\"type\";s:7:\"podcast\";s:5:\"title\";s:53:\"Episode 3: Microtalkaful — Reaching the Underserved\";s:4:\"slug\";s:48:\"episode-3-microtalkaful-reaching-the-underserved\";s:7:\"excerpt\";s:107:\"A deep dive into micro-takaful products and their potential to expand coverage to lower-income communities.\";s:12:\"content_html\";s:92:\"<p>Micro-takaful products are changing the landscape of financial inclusion in Malaysia.</p>\";s:9:\"embed_url\";N;s:8:\"media_id\";N;s:12:\"is_published\";i:1;s:12:\"published_at\";s:19:\"2026-02-21 17:21:21\";s:9:\"meta_json\";N;s:10:\"created_at\";s:19:\"2026-02-26 17:21:21\";s:10:\"updated_at\";s:19:\"2026-02-26 17:21:21\";}s:10:\"\0*\0changes\";a:0:{}s:11:\"\0*\0previous\";a:0:{}s:8:\"\0*\0casts\";a:3:{s:12:\"published_at\";s:8:\"datetime\";s:12:\"is_published\";s:7:\"boolean\";s:9:\"meta_json\";s:5:\"array\";}s:17:\"\0*\0classCastCache\";a:0:{}s:21:\"\0*\0attributeCastCache\";a:0:{}s:13:\"\0*\0dateFormat\";N;s:10:\"\0*\0appends\";a:0:{}s:19:\"\0*\0dispatchesEvents\";a:0:{}s:14:\"\0*\0observables\";a:0:{}s:12:\"\0*\0relations\";a:1:{s:5:\"media\";N;}s:10:\"\0*\0touches\";a:0:{}s:27:\"\0*\0relationAutoloadCallback\";N;s:26:\"\0*\0relationAutoloadContext\";N;s:10:\"timestamps\";b:1;s:13:\"usesUniqueIds\";b:0;s:9:\"\0*\0hidden\";a:0:{}s:10:\"\0*\0visible\";a:0:{}s:11:\"\0*\0fillable\";a:10:{i:0;s:4:\"type\";i:1;s:5:\"title\";i:2;s:4:\"slug\";i:3;s:7:\"excerpt\";i:4;s:12:\"content_html\";i:5;s:9:\"embed_url\";i:6;s:8:\"media_id\";i:7;s:12:\"is_published\";i:8;s:12:\"published_at\";i:9;s:9:\"meta_json\";}s:10:\"\0*\0guarded\";a:1:{i:0;s:1:\"*\";}}i:1;O:15:\"App\\Models\\Post\":33:{s:13:\"\0*\0connection\";s:5:\"mysql\";s:8:\"\0*\0table\";s:5:\"posts\";s:13:\"\0*\0primaryKey\";s:2:\"id\";s:10:\"\0*\0keyType\";s:3:\"int\";s:12:\"incrementing\";b:1;s:7:\"\0*\0with\";a:0:{}s:12:\"\0*\0withCount\";a:0:{}s:19:\"preventsLazyLoading\";b:0;s:10:\"\0*\0perPage\";i:15;s:6:\"exists\";b:1;s:18:\"wasRecentlyCreated\";b:0;s:28:\"\0*\0escapeWhenCastingToString\";b:0;s:13:\"\0*\0attributes\";a:13:{s:2:\"id\";i:27;s:4:\"type\";s:7:\"podcast\";s:5:\"title\";s:44:\"Episode 2: Digital Transformation in Takaful\";s:4:\"slug\";s:43:\"episode-2-digital-transformation-in-takaful\";s:7:\"excerpt\";s:92:\"How technology is reshaping the way takaful products are designed, distributed, and managed.\";s:12:\"content_html\";s:100:\"<p>We explore how AI, big data, and mobile platforms are revolutionising the takaful experience.</p>\";s:9:\"embed_url\";N;s:8:\"media_id\";N;s:12:\"is_published\";i:1;s:12:\"published_at\";s:19:\"2026-02-11 17:21:21\";s:9:\"meta_json\";N;s:10:\"created_at\";s:19:\"2026-02-26 17:21:21\";s:10:\"updated_at\";s:19:\"2026-02-26 17:21:21\";}s:11:\"\0*\0original\";a:13:{s:2:\"id\";i:27;s:4:\"type\";s:7:\"podcast\";s:5:\"title\";s:44:\"Episode 2: Digital Transformation in Takaful\";s:4:\"slug\";s:43:\"episode-2-digital-transformation-in-takaful\";s:7:\"excerpt\";s:92:\"How technology is reshaping the way takaful products are designed, distributed, and managed.\";s:12:\"content_html\";s:100:\"<p>We explore how AI, big data, and mobile platforms are revolutionising the takaful experience.</p>\";s:9:\"embed_url\";N;s:8:\"media_id\";N;s:12:\"is_published\";i:1;s:12:\"published_at\";s:19:\"2026-02-11 17:21:21\";s:9:\"meta_json\";N;s:10:\"created_at\";s:19:\"2026-02-26 17:21:21\";s:10:\"updated_at\";s:19:\"2026-02-26 17:21:21\";}s:10:\"\0*\0changes\";a:0:{}s:11:\"\0*\0previous\";a:0:{}s:8:\"\0*\0casts\";a:3:{s:12:\"published_at\";s:8:\"datetime\";s:12:\"is_published\";s:7:\"boolean\";s:9:\"meta_json\";s:5:\"array\";}s:17:\"\0*\0classCastCache\";a:0:{}s:21:\"\0*\0attributeCastCache\";a:0:{}s:13:\"\0*\0dateFormat\";N;s:10:\"\0*\0appends\";a:0:{}s:19:\"\0*\0dispatchesEvents\";a:0:{}s:14:\"\0*\0observables\";a:0:{}s:12:\"\0*\0relations\";a:1:{s:5:\"media\";N;}s:10:\"\0*\0touches\";a:0:{}s:27:\"\0*\0relationAutoloadCallback\";N;s:26:\"\0*\0relationAutoloadContext\";N;s:10:\"timestamps\";b:1;s:13:\"usesUniqueIds\";b:0;s:9:\"\0*\0hidden\";a:0:{}s:10:\"\0*\0visible\";a:0:{}s:11:\"\0*\0fillable\";a:10:{i:0;s:4:\"type\";i:1;s:5:\"title\";i:2;s:4:\"slug\";i:3;s:7:\"excerpt\";i:4;s:12:\"content_html\";i:5;s:9:\"embed_url\";i:6;s:8:\"media_id\";i:7;s:12:\"is_published\";i:8;s:12:\"published_at\";i:9;s:9:\"meta_json\";}s:10:\"\0*\0guarded\";a:1:{i:0;s:1:\"*\";}}i:2;O:15:\"App\\Models\\Post\":33:{s:13:\"\0*\0connection\";s:5:\"mysql\";s:8:\"\0*\0table\";s:5:\"posts\";s:13:\"\0*\0primaryKey\";s:2:\"id\";s:10:\"\0*\0keyType\";s:3:\"int\";s:12:\"incrementing\";b:1;s:7:\"\0*\0with\";a:0:{}s:12:\"\0*\0withCount\";a:0:{}s:19:\"preventsLazyLoading\";b:0;s:10:\"\0*\0perPage\";i:15;s:6:\"exists\";b:1;s:18:\"wasRecentlyCreated\";b:0;s:28:\"\0*\0escapeWhenCastingToString\";b:0;s:13:\"\0*\0attributes\";a:13:{s:2:\"id\";i:26;s:4:\"type\";s:7:\"podcast\";s:5:\"title\";s:44:\"Episode 1: The Future of Takaful in Malaysia\";s:4:\"slug\";s:43:\"episode-1-the-future-of-takaful-in-malaysia\";s:7:\"excerpt\";s:88:\"Our CEO discusses the roadmap for the takaful industry in Malaysia over the next decade.\";s:12:\"content_html\";s:119:\"<p>In this inaugural episode, we sit down with our CEO to discuss the exciting road ahead for the takaful industry.</p>\";s:9:\"embed_url\";N;s:8:\"media_id\";N;s:12:\"is_published\";i:1;s:12:\"published_at\";s:19:\"2026-01-27 17:21:21\";s:9:\"meta_json\";N;s:10:\"created_at\";s:19:\"2026-02-26 17:21:21\";s:10:\"updated_at\";s:19:\"2026-02-26 17:21:21\";}s:11:\"\0*\0original\";a:13:{s:2:\"id\";i:26;s:4:\"type\";s:7:\"podcast\";s:5:\"title\";s:44:\"Episode 1: The Future of Takaful in Malaysia\";s:4:\"slug\";s:43:\"episode-1-the-future-of-takaful-in-malaysia\";s:7:\"excerpt\";s:88:\"Our CEO discusses the roadmap for the takaful industry in Malaysia over the next decade.\";s:12:\"content_html\";s:119:\"<p>In this inaugural episode, we sit down with our CEO to discuss the exciting road ahead for the takaful industry.</p>\";s:9:\"embed_url\";N;s:8:\"media_id\";N;s:12:\"is_published\";i:1;s:12:\"published_at\";s:19:\"2026-01-27 17:21:21\";s:9:\"meta_json\";N;s:10:\"created_at\";s:19:\"2026-02-26 17:21:21\";s:10:\"updated_at\";s:19:\"2026-02-26 17:21:21\";}s:10:\"\0*\0changes\";a:0:{}s:11:\"\0*\0previous\";a:0:{}s:8:\"\0*\0casts\";a:3:{s:12:\"published_at\";s:8:\"datetime\";s:12:\"is_published\";s:7:\"boolean\";s:9:\"meta_json\";s:5:\"array\";}s:17:\"\0*\0classCastCache\";a:0:{}s:21:\"\0*\0attributeCastCache\";a:0:{}s:13:\"\0*\0dateFormat\";N;s:10:\"\0*\0appends\";a:0:{}s:19:\"\0*\0dispatchesEvents\";a:0:{}s:14:\"\0*\0observables\";a:0:{}s:12:\"\0*\0relations\";a:1:{s:5:\"media\";N;}s:10:\"\0*\0touches\";a:0:{}s:27:\"\0*\0relationAutoloadCallback\";N;s:26:\"\0*\0relationAutoloadContext\";N;s:10:\"timestamps\";b:1;s:13:\"usesUniqueIds\";b:0;s:9:\"\0*\0hidden\";a:0:{}s:10:\"\0*\0visible\";a:0:{}s:11:\"\0*\0fillable\";a:10:{i:0;s:4:\"type\";i:1;s:5:\"title\";i:2;s:4:\"slug\";i:3;s:7:\"excerpt\";i:4;s:12:\"content_html\";i:5;s:9:\"embed_url\";i:6;s:8:\"media_id\";i:7;s:12:\"is_published\";i:8;s:12:\"published_at\";i:9;s:9:\"meta_json\";}s:10:\"\0*\0guarded\";a:1:{i:0;s:1:\"*\";}}i:3;O:15:\"App\\Models\\Post\":33:{s:13:\"\0*\0connection\";s:5:\"mysql\";s:8:\"\0*\0table\";s:5:\"posts\";s:13:\"\0*\0primaryKey\";s:2:\"id\";s:10:\"\0*\0keyType\";s:3:\"int\";s:12:\"incrementing\";b:1;s:7:\"\0*\0with\";a:0:{}s:12:\"\0*\0withCount\";a:0:{}s:19:\"preventsLazyLoading\";b:0;s:10:\"\0*\0perPage\";i:15;s:6:\"exists\";b:1;s:18:\"wasRecentlyCreated\";b:0;s:28:\"\0*\0escapeWhenCastingToString\";b:0;s:13:\"\0*\0attributes\";a:13:{s:2:\"id\";i:3;s:4:\"type\";s:7:\"podcast\";s:5:\"title\";s:82:\"Takaful Hi-5 Hijrah27 Edition with CEO - Encik Shahrul Azlan Shariman, CEO of GETB\";s:4:\"slug\";s:79:\"takaful-hi-5-hijrah27-edition-with-ceo-encik-shahrul-azlan-shariman-ceo-of-getb\";s:7:\"excerpt\";s:756:\"🎙️ Takaful Hi-5: Hijrah27 Edition | Special Podcast with Encik Shahrul Azlan Shariman 🎙️ Join us for an exclusive episode of Takaful Hi-5: Hijrah27 Edition, where we sit down with Encik Shahrul Azlan Shariman, the visionary CEO of Great Eastern Takaful Berhad. In this special edition, Encik Shahrul will share his visionary insights on the future of Takaful in today’s evolving landscape and gain exclusive perspectives on navigating challenges with a Hijrah27 mindset. Don’t miss this opportunity to connect, engage, and be inspired by one of the industry’s leading minds. It’s more than just a session—it’s a transformative experience to fuel your personal and professional growth. Let’s embark on this Hijrah27 journey together.\";s:12:\"content_html\";s:763:\"<p>🎙️ Takaful Hi-5: Hijrah27 Edition | Special Podcast with Encik Shahrul Azlan Shariman 🎙️ Join us for an exclusive episode of Takaful Hi-5: Hijrah27 Edition, where we sit down with Encik Shahrul Azlan Shariman, the visionary CEO of Great Eastern Takaful Berhad. In this special edition, Encik Shahrul will share his visionary insights on the future of Takaful in today’s evolving landscape and gain exclusive perspectives on navigating challenges with a Hijrah27 mindset. Don’t miss this opportunity to connect, engage, and be inspired by one of the industry’s leading minds. It’s more than just a session—it’s a transformative experience to fuel your personal and professional growth. Let’s embark on this Hijrah27 journey together.</p>\";s:9:\"embed_url\";N;s:8:\"media_id\";i:6;s:12:\"is_published\";i:1;s:12:\"published_at\";s:19:\"2025-02-19 12:14:00\";s:9:\"meta_json\";N;s:10:\"created_at\";s:19:\"2026-02-24 12:14:37\";s:10:\"updated_at\";s:19:\"2026-02-24 15:19:13\";}s:11:\"\0*\0original\";a:13:{s:2:\"id\";i:3;s:4:\"type\";s:7:\"podcast\";s:5:\"title\";s:82:\"Takaful Hi-5 Hijrah27 Edition with CEO - Encik Shahrul Azlan Shariman, CEO of GETB\";s:4:\"slug\";s:79:\"takaful-hi-5-hijrah27-edition-with-ceo-encik-shahrul-azlan-shariman-ceo-of-getb\";s:7:\"excerpt\";s:756:\"🎙️ Takaful Hi-5: Hijrah27 Edition | Special Podcast with Encik Shahrul Azlan Shariman 🎙️ Join us for an exclusive episode of Takaful Hi-5: Hijrah27 Edition, where we sit down with Encik Shahrul Azlan Shariman, the visionary CEO of Great Eastern Takaful Berhad. In this special edition, Encik Shahrul will share his visionary insights on the future of Takaful in today’s evolving landscape and gain exclusive perspectives on navigating challenges with a Hijrah27 mindset. Don’t miss this opportunity to connect, engage, and be inspired by one of the industry’s leading minds. It’s more than just a session—it’s a transformative experience to fuel your personal and professional growth. Let’s embark on this Hijrah27 journey together.\";s:12:\"content_html\";s:763:\"<p>🎙️ Takaful Hi-5: Hijrah27 Edition | Special Podcast with Encik Shahrul Azlan Shariman 🎙️ Join us for an exclusive episode of Takaful Hi-5: Hijrah27 Edition, where we sit down with Encik Shahrul Azlan Shariman, the visionary CEO of Great Eastern Takaful Berhad. In this special edition, Encik Shahrul will share his visionary insights on the future of Takaful in today’s evolving landscape and gain exclusive perspectives on navigating challenges with a Hijrah27 mindset. Don’t miss this opportunity to connect, engage, and be inspired by one of the industry’s leading minds. It’s more than just a session—it’s a transformative experience to fuel your personal and professional growth. Let’s embark on this Hijrah27 journey together.</p>\";s:9:\"embed_url\";N;s:8:\"media_id\";i:6;s:12:\"is_published\";i:1;s:12:\"published_at\";s:19:\"2025-02-19 12:14:00\";s:9:\"meta_json\";N;s:10:\"created_at\";s:19:\"2026-02-24 12:14:37\";s:10:\"updated_at\";s:19:\"2026-02-24 15:19:13\";}s:10:\"\0*\0changes\";a:0:{}s:11:\"\0*\0previous\";a:0:{}s:8:\"\0*\0casts\";a:3:{s:12:\"published_at\";s:8:\"datetime\";s:12:\"is_published\";s:7:\"boolean\";s:9:\"meta_json\";s:5:\"array\";}s:17:\"\0*\0classCastCache\";a:0:{}s:21:\"\0*\0attributeCastCache\";a:0:{}s:13:\"\0*\0dateFormat\";N;s:10:\"\0*\0appends\";a:0:{}s:19:\"\0*\0dispatchesEvents\";a:0:{}s:14:\"\0*\0observables\";a:0:{}s:12:\"\0*\0relations\";a:1:{s:5:\"media\";O:16:\"App\\Models\\Media\":33:{s:13:\"\0*\0connection\";s:5:\"mysql\";s:8:\"\0*\0table\";s:5:\"media\";s:13:\"\0*\0primaryKey\";s:2:\"id\";s:10:\"\0*\0keyType\";s:3:\"int\";s:12:\"incrementing\";b:1;s:7:\"\0*\0with\";a:0:{}s:12:\"\0*\0withCount\";a:0:{}s:19:\"preventsLazyLoading\";b:0;s:10:\"\0*\0perPage\";i:15;s:6:\"exists\";b:1;s:18:\"wasRecentlyCreated\";b:0;s:28:\"\0*\0escapeWhenCastingToString\";b:0;s:13:\"\0*\0attributes\";a:13:{s:2:\"id\";i:6;s:4:\"disk\";s:6:\"public\";s:4:\"path\";s:54:\"media/2026/02/e590e844-2063-4e8e-8258-9a28ba7b9a28.jpg\";s:14:\"thumbnail_path\";N;s:3:\"url\";s:63:\"/storage/media/2026/02/e590e844-2063-4e8e-8258-9a28ba7b9a28.jpg\";s:3:\"alt\";N;s:5:\"title\";s:9:\"podcast-1\";s:4:\"mime\";s:10:\"image/jpeg\";s:4:\"size\";i:177363;s:5:\"width\";i:1536;s:6:\"height\";i:862;s:10:\"created_at\";s:19:\"2026-02-24 15:19:10\";s:10:\"updated_at\";s:19:\"2026-04-15 05:04:01\";}s:11:\"\0*\0original\";a:13:{s:2:\"id\";i:6;s:4:\"disk\";s:6:\"public\";s:4:\"path\";s:54:\"media/2026/02/e590e844-2063-4e8e-8258-9a28ba7b9a28.jpg\";s:14:\"thumbnail_path\";N;s:3:\"url\";s:63:\"/storage/media/2026/02/e590e844-2063-4e8e-8258-9a28ba7b9a28.jpg\";s:3:\"alt\";N;s:5:\"title\";s:9:\"podcast-1\";s:4:\"mime\";s:10:\"image/jpeg\";s:4:\"size\";i:177363;s:5:\"width\";i:1536;s:6:\"height\";i:862;s:10:\"created_at\";s:19:\"2026-02-24 15:19:10\";s:10:\"updated_at\";s:19:\"2026-04-15 05:04:01\";}s:10:\"\0*\0changes\";a:0:{}s:11:\"\0*\0previous\";a:0:{}s:8:\"\0*\0casts\";a:3:{s:4:\"size\";s:7:\"integer\";s:5:\"width\";s:7:\"integer\";s:6:\"height\";s:7:\"integer\";}s:17:\"\0*\0classCastCache\";a:0:{}s:21:\"\0*\0attributeCastCache\";a:0:{}s:13:\"\0*\0dateFormat\";N;s:10:\"\0*\0appends\";a:1:{i:0;s:13:\"thumbnail_url\";}s:19:\"\0*\0dispatchesEvents\";a:0:{}s:14:\"\0*\0observables\";a:0:{}s:12:\"\0*\0relations\";a:0:{}s:10:\"\0*\0touches\";a:0:{}s:27:\"\0*\0relationAutoloadCallback\";N;s:26:\"\0*\0relationAutoloadContext\";N;s:10:\"timestamps\";b:1;s:13:\"usesUniqueIds\";b:0;s:9:\"\0*\0hidden\";a:0:{}s:10:\"\0*\0visible\";a:0:{}s:11:\"\0*\0fillable\";a:10:{i:0;s:4:\"disk\";i:1;s:4:\"path\";i:2;s:14:\"thumbnail_path\";i:3;s:3:\"url\";i:4;s:3:\"alt\";i:5;s:5:\"title\";i:6;s:4:\"mime\";i:7;s:4:\"size\";i:8;s:5:\"width\";i:9;s:6:\"height\";}s:10:\"\0*\0guarded\";a:1:{i:0;s:1:\"*\";}}}s:10:\"\0*\0touches\";a:0:{}s:27:\"\0*\0relationAutoloadCallback\";N;s:26:\"\0*\0relationAutoloadContext\";N;s:10:\"timestamps\";b:1;s:13:\"usesUniqueIds\";b:0;s:9:\"\0*\0hidden\";a:0:{}s:10:\"\0*\0visible\";a:0:{}s:11:\"\0*\0fillable\";a:10:{i:0;s:4:\"type\";i:1;s:5:\"title\";i:2;s:4:\"slug\";i:3;s:7:\"excerpt\";i:4;s:12:\"content_html\";i:5;s:9:\"embed_url\";i:6;s:8:\"media_id\";i:7;s:12:\"is_published\";i:8;s:12:\"published_at\";i:9;s:9:\"meta_json\";}s:10:\"\0*\0guarded\";a:1:{i:0;s:1:\"*\";}}i:4;O:15:\"App\\Models\\Post\":33:{s:13:\"\0*\0connection\";s:5:\"mysql\";s:8:\"\0*\0table\";s:5:\"posts\";s:13:\"\0*\0primaryKey\";s:2:\"id\";s:10:\"\0*\0keyType\";s:3:\"int\";s:12:\"incrementing\";b:1;s:7:\"\0*\0with\";a:0:{}s:12:\"\0*\0withCount\";a:0:{}s:19:\"preventsLazyLoading\";b:0;s:10:\"\0*\0perPage\";i:15;s:6:\"exists\";b:1;s:18:\"wasRecentlyCreated\";b:0;s:28:\"\0*\0escapeWhenCastingToString\";b:0;s:13:\"\0*\0attributes\";a:13:{s:2:\"id\";i:2;s:4:\"type\";s:7:\"podcast\";s:5:\"title\";s:73:\"Malaysia ushers new Takaful chapter with Hijrah27 (MTA CEO with Redmoney)\";s:4:\"slug\";s:71:\"malaysia-ushers-new-takaful-chapter-with-hijrah27-mta-ceo-with-redmoney\";s:7:\"excerpt\";s:300:\"With 8 strategic thrusts and 54 initiatives, Malaysian Takaful Association (MTA)’s transformation blueprint, Hijrah27, is an ambitious, and comprehensive, undertaking. In this interview with Vineeta Tan, MTA CEO, Mohd Radzuan Mohamed, goes into detail the scope, challenges and targets of Hijrah27.\";s:12:\"content_html\";s:307:\"<p>With 8 strategic thrusts and 54 initiatives, Malaysian Takaful Association (MTA)’s transformation blueprint, Hijrah27, is an ambitious, and comprehensive, undertaking. In this interview with Vineeta Tan, MTA CEO, Mohd Radzuan Mohamed, goes into detail the scope, challenges and targets of Hijrah27.</p>\";s:9:\"embed_url\";N;s:8:\"media_id\";i:5;s:12:\"is_published\";i:1;s:12:\"published_at\";s:19:\"2025-02-09 12:14:00\";s:9:\"meta_json\";N;s:10:\"created_at\";s:19:\"2026-02-24 12:14:37\";s:10:\"updated_at\";s:19:\"2026-02-24 15:18:36\";}s:11:\"\0*\0original\";a:13:{s:2:\"id\";i:2;s:4:\"type\";s:7:\"podcast\";s:5:\"title\";s:73:\"Malaysia ushers new Takaful chapter with Hijrah27 (MTA CEO with Redmoney)\";s:4:\"slug\";s:71:\"malaysia-ushers-new-takaful-chapter-with-hijrah27-mta-ceo-with-redmoney\";s:7:\"excerpt\";s:300:\"With 8 strategic thrusts and 54 initiatives, Malaysian Takaful Association (MTA)’s transformation blueprint, Hijrah27, is an ambitious, and comprehensive, undertaking. In this interview with Vineeta Tan, MTA CEO, Mohd Radzuan Mohamed, goes into detail the scope, challenges and targets of Hijrah27.\";s:12:\"content_html\";s:307:\"<p>With 8 strategic thrusts and 54 initiatives, Malaysian Takaful Association (MTA)’s transformation blueprint, Hijrah27, is an ambitious, and comprehensive, undertaking. In this interview with Vineeta Tan, MTA CEO, Mohd Radzuan Mohamed, goes into detail the scope, challenges and targets of Hijrah27.</p>\";s:9:\"embed_url\";N;s:8:\"media_id\";i:5;s:12:\"is_published\";i:1;s:12:\"published_at\";s:19:\"2025-02-09 12:14:00\";s:9:\"meta_json\";N;s:10:\"created_at\";s:19:\"2026-02-24 12:14:37\";s:10:\"updated_at\";s:19:\"2026-02-24 15:18:36\";}s:10:\"\0*\0changes\";a:0:{}s:11:\"\0*\0previous\";a:0:{}s:8:\"\0*\0casts\";a:3:{s:12:\"published_at\";s:8:\"datetime\";s:12:\"is_published\";s:7:\"boolean\";s:9:\"meta_json\";s:5:\"array\";}s:17:\"\0*\0classCastCache\";a:0:{}s:21:\"\0*\0attributeCastCache\";a:0:{}s:13:\"\0*\0dateFormat\";N;s:10:\"\0*\0appends\";a:0:{}s:19:\"\0*\0dispatchesEvents\";a:0:{}s:14:\"\0*\0observables\";a:0:{}s:12:\"\0*\0relations\";a:1:{s:5:\"media\";O:16:\"App\\Models\\Media\":33:{s:13:\"\0*\0connection\";s:5:\"mysql\";s:8:\"\0*\0table\";s:5:\"media\";s:13:\"\0*\0primaryKey\";s:2:\"id\";s:10:\"\0*\0keyType\";s:3:\"int\";s:12:\"incrementing\";b:1;s:7:\"\0*\0with\";a:0:{}s:12:\"\0*\0withCount\";a:0:{}s:19:\"preventsLazyLoading\";b:0;s:10:\"\0*\0perPage\";i:15;s:6:\"exists\";b:1;s:18:\"wasRecentlyCreated\";b:0;s:28:\"\0*\0escapeWhenCastingToString\";b:0;s:13:\"\0*\0attributes\";a:13:{s:2:\"id\";i:5;s:4:\"disk\";s:6:\"public\";s:4:\"path\";s:54:\"media/2026/02/60a98aa8-ef56-409c-88da-3890a920c4ea.jpg\";s:14:\"thumbnail_path\";N;s:3:\"url\";s:63:\"/storage/media/2026/02/60a98aa8-ef56-409c-88da-3890a920c4ea.jpg\";s:3:\"alt\";N;s:5:\"title\";s:9:\"podcast-2\";s:4:\"mime\";s:10:\"image/jpeg\";s:4:\"size\";i:90707;s:5:\"width\";i:768;s:6:\"height\";i:644;s:10:\"created_at\";s:19:\"2026-02-24 15:18:32\";s:10:\"updated_at\";s:19:\"2026-04-15 05:04:01\";}s:11:\"\0*\0original\";a:13:{s:2:\"id\";i:5;s:4:\"disk\";s:6:\"public\";s:4:\"path\";s:54:\"media/2026/02/60a98aa8-ef56-409c-88da-3890a920c4ea.jpg\";s:14:\"thumbnail_path\";N;s:3:\"url\";s:63:\"/storage/media/2026/02/60a98aa8-ef56-409c-88da-3890a920c4ea.jpg\";s:3:\"alt\";N;s:5:\"title\";s:9:\"podcast-2\";s:4:\"mime\";s:10:\"image/jpeg\";s:4:\"size\";i:90707;s:5:\"width\";i:768;s:6:\"height\";i:644;s:10:\"created_at\";s:19:\"2026-02-24 15:18:32\";s:10:\"updated_at\";s:19:\"2026-04-15 05:04:01\";}s:10:\"\0*\0changes\";a:0:{}s:11:\"\0*\0previous\";a:0:{}s:8:\"\0*\0casts\";a:3:{s:4:\"size\";s:7:\"integer\";s:5:\"width\";s:7:\"integer\";s:6:\"height\";s:7:\"integer\";}s:17:\"\0*\0classCastCache\";a:0:{}s:21:\"\0*\0attributeCastCache\";a:0:{}s:13:\"\0*\0dateFormat\";N;s:10:\"\0*\0appends\";a:1:{i:0;s:13:\"thumbnail_url\";}s:19:\"\0*\0dispatchesEvents\";a:0:{}s:14:\"\0*\0observables\";a:0:{}s:12:\"\0*\0relations\";a:0:{}s:10:\"\0*\0touches\";a:0:{}s:27:\"\0*\0relationAutoloadCallback\";N;s:26:\"\0*\0relationAutoloadContext\";N;s:10:\"timestamps\";b:1;s:13:\"usesUniqueIds\";b:0;s:9:\"\0*\0hidden\";a:0:{}s:10:\"\0*\0visible\";a:0:{}s:11:\"\0*\0fillable\";a:10:{i:0;s:4:\"disk\";i:1;s:4:\"path\";i:2;s:14:\"thumbnail_path\";i:3;s:3:\"url\";i:4;s:3:\"alt\";i:5;s:5:\"title\";i:6;s:4:\"mime\";i:7;s:4:\"size\";i:8;s:5:\"width\";i:9;s:6:\"height\";}s:10:\"\0*\0guarded\";a:1:{i:0;s:1:\"*\";}}}s:10:\"\0*\0touches\";a:0:{}s:27:\"\0*\0relationAutoloadCallback\";N;s:26:\"\0*\0relationAutoloadContext\";N;s:10:\"timestamps\";b:1;s:13:\"usesUniqueIds\";b:0;s:9:\"\0*\0hidden\";a:0:{}s:10:\"\0*\0visible\";a:0:{}s:11:\"\0*\0fillable\";a:10:{i:0;s:4:\"type\";i:1;s:5:\"title\";i:2;s:4:\"slug\";i:3;s:7:\"excerpt\";i:4;s:12:\"content_html\";i:5;s:9:\"embed_url\";i:6;s:8:\"media_id\";i:7;s:12:\"is_published\";i:8;s:12:\"published_at\";i:9;s:9:\"meta_json\";}s:10:\"\0*\0guarded\";a:1:{i:0;s:1:\"*\";}}i:5;O:15:\"App\\Models\\Post\":33:{s:13:\"\0*\0connection\";s:5:\"mysql\";s:8:\"\0*\0table\";s:5:\"posts\";s:13:\"\0*\0primaryKey\";s:2:\"id\";s:10:\"\0*\0keyType\";s:3:\"int\";s:12:\"incrementing\";b:1;s:7:\"\0*\0with\";a:0:{}s:12:\"\0*\0withCount\";a:0:{}s:19:\"preventsLazyLoading\";b:0;s:10:\"\0*\0perPage\";i:15;s:6:\"exists\";b:1;s:18:\"wasRecentlyCreated\";b:0;s:28:\"\0*\0escapeWhenCastingToString\";b:0;s:13:\"\0*\0attributes\";a:13:{s:2:\"id\";i:1;s:4:\"type\";s:7:\"podcast\";s:5:\"title\";s:99:\"Trust as the cornerstone of digital Takaful by Puan Nur Fatihah, CEO Zurich Takaful Malaysia Berhad\";s:4:\"slug\";s:98:\"trust-as-the-cornerstone-of-digital-takaful-by-puan-nur-fatihah-ceo-zurich-takaful-malaysia-berhad\";s:7:\"excerpt\";s:211:\"Zurich Takaful Malaysia’s CEO Nur Fatihah Mustafa talks to Nessreen Tamano, IFN Editor, about why earning trust is key to scaling digital Takaful, and how the industry can drive meaningful financial inclusion.\";s:12:\"content_html\";s:218:\"<p>Zurich Takaful Malaysia’s CEO Nur Fatihah Mustafa talks to Nessreen Tamano, IFN Editor, about why earning trust is key to scaling digital Takaful, and how the industry can drive meaningful financial inclusion.</p>\";s:9:\"embed_url\";N;s:8:\"media_id\";i:4;s:12:\"is_published\";i:1;s:12:\"published_at\";s:19:\"2025-01-25 12:14:00\";s:9:\"meta_json\";N;s:10:\"created_at\";s:19:\"2026-02-24 12:14:37\";s:10:\"updated_at\";s:19:\"2026-02-24 15:15:15\";}s:11:\"\0*\0original\";a:13:{s:2:\"id\";i:1;s:4:\"type\";s:7:\"podcast\";s:5:\"title\";s:99:\"Trust as the cornerstone of digital Takaful by Puan Nur Fatihah, CEO Zurich Takaful Malaysia Berhad\";s:4:\"slug\";s:98:\"trust-as-the-cornerstone-of-digital-takaful-by-puan-nur-fatihah-ceo-zurich-takaful-malaysia-berhad\";s:7:\"excerpt\";s:211:\"Zurich Takaful Malaysia’s CEO Nur Fatihah Mustafa talks to Nessreen Tamano, IFN Editor, about why earning trust is key to scaling digital Takaful, and how the industry can drive meaningful financial inclusion.\";s:12:\"content_html\";s:218:\"<p>Zurich Takaful Malaysia’s CEO Nur Fatihah Mustafa talks to Nessreen Tamano, IFN Editor, about why earning trust is key to scaling digital Takaful, and how the industry can drive meaningful financial inclusion.</p>\";s:9:\"embed_url\";N;s:8:\"media_id\";i:4;s:12:\"is_published\";i:1;s:12:\"published_at\";s:19:\"2025-01-25 12:14:00\";s:9:\"meta_json\";N;s:10:\"created_at\";s:19:\"2026-02-24 12:14:37\";s:10:\"updated_at\";s:19:\"2026-02-24 15:15:15\";}s:10:\"\0*\0changes\";a:0:{}s:11:\"\0*\0previous\";a:0:{}s:8:\"\0*\0casts\";a:3:{s:12:\"published_at\";s:8:\"datetime\";s:12:\"is_published\";s:7:\"boolean\";s:9:\"meta_json\";s:5:\"array\";}s:17:\"\0*\0classCastCache\";a:0:{}s:21:\"\0*\0attributeCastCache\";a:0:{}s:13:\"\0*\0dateFormat\";N;s:10:\"\0*\0appends\";a:0:{}s:19:\"\0*\0dispatchesEvents\";a:0:{}s:14:\"\0*\0observables\";a:0:{}s:12:\"\0*\0relations\";a:1:{s:5:\"media\";O:16:\"App\\Models\\Media\":33:{s:13:\"\0*\0connection\";s:5:\"mysql\";s:8:\"\0*\0table\";s:5:\"media\";s:13:\"\0*\0primaryKey\";s:2:\"id\";s:10:\"\0*\0keyType\";s:3:\"int\";s:12:\"incrementing\";b:1;s:7:\"\0*\0with\";a:0:{}s:12:\"\0*\0withCount\";a:0:{}s:19:\"preventsLazyLoading\";b:0;s:10:\"\0*\0perPage\";i:15;s:6:\"exists\";b:1;s:18:\"wasRecentlyCreated\";b:0;s:28:\"\0*\0escapeWhenCastingToString\";b:0;s:13:\"\0*\0attributes\";a:13:{s:2:\"id\";i:4;s:4:\"disk\";s:6:\"public\";s:4:\"path\";s:54:\"media/2026/02/c135b5e4-e7ed-4884-8f7a-7e965f4eae5e.jpg\";s:14:\"thumbnail_path\";N;s:3:\"url\";s:63:\"/storage/media/2026/02/c135b5e4-e7ed-4884-8f7a-7e965f4eae5e.jpg\";s:3:\"alt\";N;s:5:\"title\";s:9:\"podcast-3\";s:4:\"mime\";s:10:\"image/jpeg\";s:4:\"size\";i:81213;s:5:\"width\";i:1024;s:6:\"height\";i:780;s:10:\"created_at\";s:19:\"2026-02-24 15:14:43\";s:10:\"updated_at\";s:19:\"2026-04-15 05:04:01\";}s:11:\"\0*\0original\";a:13:{s:2:\"id\";i:4;s:4:\"disk\";s:6:\"public\";s:4:\"path\";s:54:\"media/2026/02/c135b5e4-e7ed-4884-8f7a-7e965f4eae5e.jpg\";s:14:\"thumbnail_path\";N;s:3:\"url\";s:63:\"/storage/media/2026/02/c135b5e4-e7ed-4884-8f7a-7e965f4eae5e.jpg\";s:3:\"alt\";N;s:5:\"title\";s:9:\"podcast-3\";s:4:\"mime\";s:10:\"image/jpeg\";s:4:\"size\";i:81213;s:5:\"width\";i:1024;s:6:\"height\";i:780;s:10:\"created_at\";s:19:\"2026-02-24 15:14:43\";s:10:\"updated_at\";s:19:\"2026-04-15 05:04:01\";}s:10:\"\0*\0changes\";a:0:{}s:11:\"\0*\0previous\";a:0:{}s:8:\"\0*\0casts\";a:3:{s:4:\"size\";s:7:\"integer\";s:5:\"width\";s:7:\"integer\";s:6:\"height\";s:7:\"integer\";}s:17:\"\0*\0classCastCache\";a:0:{}s:21:\"\0*\0attributeCastCache\";a:0:{}s:13:\"\0*\0dateFormat\";N;s:10:\"\0*\0appends\";a:1:{i:0;s:13:\"thumbnail_url\";}s:19:\"\0*\0dispatchesEvents\";a:0:{}s:14:\"\0*\0observables\";a:0:{}s:12:\"\0*\0relations\";a:0:{}s:10:\"\0*\0touches\";a:0:{}s:27:\"\0*\0relationAutoloadCallback\";N;s:26:\"\0*\0relationAutoloadContext\";N;s:10:\"timestamps\";b:1;s:13:\"usesUniqueIds\";b:0;s:9:\"\0*\0hidden\";a:0:{}s:10:\"\0*\0visible\";a:0:{}s:11:\"\0*\0fillable\";a:10:{i:0;s:4:\"disk\";i:1;s:4:\"path\";i:2;s:14:\"thumbnail_path\";i:3;s:3:\"url\";i:4;s:3:\"alt\";i:5;s:5:\"title\";i:6;s:4:\"mime\";i:7;s:4:\"size\";i:8;s:5:\"width\";i:9;s:6:\"height\";}s:10:\"\0*\0guarded\";a:1:{i:0;s:1:\"*\";}}}s:10:\"\0*\0touches\";a:0:{}s:27:\"\0*\0relationAutoloadCallback\";N;s:26:\"\0*\0relationAutoloadContext\";N;s:10:\"timestamps\";b:1;s:13:\"usesUniqueIds\";b:0;s:9:\"\0*\0hidden\";a:0:{}s:10:\"\0*\0visible\";a:0:{}s:11:\"\0*\0fillable\";a:10:{i:0;s:4:\"type\";i:1;s:5:\"title\";i:2;s:4:\"slug\";i:3;s:7:\"excerpt\";i:4;s:12:\"content_html\";i:5;s:9:\"embed_url\";i:6;s:8:\"media_id\";i:7;s:12:\"is_published\";i:8;s:12:\"published_at\";i:9;s:9:\"meta_json\";}s:10:\"\0*\0guarded\";a:1:{i:0;s:1:\"*\";}}}s:28:\"\0*\0escapeWhenCastingToString\";b:0;}',1776270579),('takaful-events-cache-home.upcoming','O:39:\"Illuminate\\Database\\Eloquent\\Collection\":2:{s:8:\"\0*\0items\";a:2:{i:0;O:16:\"App\\Models\\Event\":33:{s:13:\"\0*\0connection\";s:5:\"mysql\";s:8:\"\0*\0table\";s:6:\"events\";s:13:\"\0*\0primaryKey\";s:2:\"id\";s:10:\"\0*\0keyType\";s:3:\"int\";s:12:\"incrementing\";b:1;s:7:\"\0*\0with\";a:0:{}s:12:\"\0*\0withCount\";a:0:{}s:19:\"preventsLazyLoading\";b:0;s:10:\"\0*\0perPage\";i:15;s:6:\"exists\";b:1;s:18:\"wasRecentlyCreated\";b:0;s:28:\"\0*\0escapeWhenCastingToString\";b:0;s:13:\"\0*\0attributes\";a:23:{s:2:\"id\";i:6;s:5:\"title\";s:10:\"Test Event\";s:4:\"slug\";s:10:\"test-event\";s:7:\"excerpt\";s:40:\"test-eventtest-eventtest-eventtest-event\";s:12:\"content_html\";s:47:\"<p>test-eventtest-eventtest-eventtest-event</p>\";s:8:\"start_at\";s:19:\"2026-04-24 08:00:00\";s:6:\"end_at\";s:19:\"2026-04-30 17:00:00\";s:5:\"venue\";s:14:\"Sunway Pyramid\";s:4:\"city\";N;s:5:\"state\";N;s:7:\"country\";s:8:\"Malaysia\";s:16:\"registration_url\";N;s:11:\"gdrive_link\";N;s:8:\"media_id\";N;s:18:\"venue_map_media_id\";N;s:12:\"is_published\";i:1;s:12:\"rsvp_enabled\";i:1;s:13:\"rsvp_deadline\";s:19:\"2026-03-26 00:00:00\";s:13:\"max_attendees\";i:190;s:16:\"require_approval\";i:0;s:9:\"meta_json\";N;s:10:\"created_at\";s:19:\"2026-02-26 16:05:37\";s:10:\"updated_at\";s:19:\"2026-02-26 16:05:37\";}s:11:\"\0*\0original\";a:23:{s:2:\"id\";i:6;s:5:\"title\";s:10:\"Test Event\";s:4:\"slug\";s:10:\"test-event\";s:7:\"excerpt\";s:40:\"test-eventtest-eventtest-eventtest-event\";s:12:\"content_html\";s:47:\"<p>test-eventtest-eventtest-eventtest-event</p>\";s:8:\"start_at\";s:19:\"2026-04-24 08:00:00\";s:6:\"end_at\";s:19:\"2026-04-30 17:00:00\";s:5:\"venue\";s:14:\"Sunway Pyramid\";s:4:\"city\";N;s:5:\"state\";N;s:7:\"country\";s:8:\"Malaysia\";s:16:\"registration_url\";N;s:11:\"gdrive_link\";N;s:8:\"media_id\";N;s:18:\"venue_map_media_id\";N;s:12:\"is_published\";i:1;s:12:\"rsvp_enabled\";i:1;s:13:\"rsvp_deadline\";s:19:\"2026-03-26 00:00:00\";s:13:\"max_attendees\";i:190;s:16:\"require_approval\";i:0;s:9:\"meta_json\";N;s:10:\"created_at\";s:19:\"2026-02-26 16:05:37\";s:10:\"updated_at\";s:19:\"2026-02-26 16:05:37\";}s:10:\"\0*\0changes\";a:0:{}s:11:\"\0*\0previous\";a:0:{}s:8:\"\0*\0casts\";a:8:{s:8:\"start_at\";s:8:\"datetime\";s:6:\"end_at\";s:8:\"datetime\";s:12:\"is_published\";s:7:\"boolean\";s:12:\"rsvp_enabled\";s:7:\"boolean\";s:13:\"rsvp_deadline\";s:8:\"datetime\";s:13:\"max_attendees\";s:7:\"integer\";s:16:\"require_approval\";s:7:\"boolean\";s:9:\"meta_json\";s:5:\"array\";}s:17:\"\0*\0classCastCache\";a:0:{}s:21:\"\0*\0attributeCastCache\";a:0:{}s:13:\"\0*\0dateFormat\";N;s:10:\"\0*\0appends\";a:1:{i:0;s:6:\"status\";}s:19:\"\0*\0dispatchesEvents\";a:0:{}s:14:\"\0*\0observables\";a:0:{}s:12:\"\0*\0relations\";a:1:{s:5:\"media\";N;}s:10:\"\0*\0touches\";a:0:{}s:27:\"\0*\0relationAutoloadCallback\";N;s:26:\"\0*\0relationAutoloadContext\";N;s:10:\"timestamps\";b:1;s:13:\"usesUniqueIds\";b:0;s:9:\"\0*\0hidden\";a:0:{}s:10:\"\0*\0visible\";a:0:{}s:11:\"\0*\0fillable\";a:20:{i:0;s:5:\"title\";i:1;s:4:\"slug\";i:2;s:7:\"excerpt\";i:3;s:12:\"content_html\";i:4;s:8:\"start_at\";i:5;s:6:\"end_at\";i:6;s:5:\"venue\";i:7;s:4:\"city\";i:8;s:5:\"state\";i:9;s:7:\"country\";i:10;s:16:\"registration_url\";i:11;s:11:\"gdrive_link\";i:12;s:8:\"media_id\";i:13;s:18:\"venue_map_media_id\";i:14;s:12:\"is_published\";i:15;s:12:\"rsvp_enabled\";i:16;s:13:\"rsvp_deadline\";i:17;s:13:\"max_attendees\";i:18;s:16:\"require_approval\";i:19;s:9:\"meta_json\";}s:10:\"\0*\0guarded\";a:1:{i:0;s:1:\"*\";}}i:1;O:16:\"App\\Models\\Event\":33:{s:13:\"\0*\0connection\";s:5:\"mysql\";s:8:\"\0*\0table\";s:6:\"events\";s:13:\"\0*\0primaryKey\";s:2:\"id\";s:10:\"\0*\0keyType\";s:3:\"int\";s:12:\"incrementing\";b:1;s:7:\"\0*\0with\";a:0:{}s:12:\"\0*\0withCount\";a:0:{}s:19:\"preventsLazyLoading\";b:0;s:10:\"\0*\0perPage\";i:15;s:6:\"exists\";b:1;s:18:\"wasRecentlyCreated\";b:0;s:28:\"\0*\0escapeWhenCastingToString\";b:0;s:13:\"\0*\0attributes\";a:23:{s:2:\"id\";i:8;s:5:\"title\";s:34:\"Takaful Innovation Conference 2026\";s:4:\"slug\";s:34:\"takaful-innovation-conference-2026\";s:7:\"excerpt\";s:63:\"Exploring the future of InsurTech and takaful digital products.\";s:12:\"content_html\";s:107:\"<p>A full-day conference focused on <strong>digital innovation</strong> across the takaful value chain.</p>\";s:8:\"start_at\";s:19:\"2026-04-27 17:21:00\";s:6:\"end_at\";s:19:\"2026-04-28 01:21:00\";s:5:\"venue\";s:32:\"Pullman Kuala Lumpur City Centre\";s:4:\"city\";s:12:\"Kuala Lumpur\";s:5:\"state\";s:19:\"Wilayah Persekutuan\";s:7:\"country\";s:8:\"Malaysia\";s:16:\"registration_url\";s:55:\"https://events.takaful4all.org/register/innovation-2026\";s:11:\"gdrive_link\";N;s:8:\"media_id\";i:34;s:18:\"venue_map_media_id\";i:38;s:12:\"is_published\";i:1;s:12:\"rsvp_enabled\";i:1;s:13:\"rsvp_deadline\";s:19:\"2026-04-22 17:21:00\";s:13:\"max_attendees\";i:300;s:16:\"require_approval\";i:1;s:9:\"meta_json\";N;s:10:\"created_at\";s:19:\"2026-02-26 17:21:21\";s:10:\"updated_at\";s:19:\"2026-04-15 15:54:06\";}s:11:\"\0*\0original\";a:23:{s:2:\"id\";i:8;s:5:\"title\";s:34:\"Takaful Innovation Conference 2026\";s:4:\"slug\";s:34:\"takaful-innovation-conference-2026\";s:7:\"excerpt\";s:63:\"Exploring the future of InsurTech and takaful digital products.\";s:12:\"content_html\";s:107:\"<p>A full-day conference focused on <strong>digital innovation</strong> across the takaful value chain.</p>\";s:8:\"start_at\";s:19:\"2026-04-27 17:21:00\";s:6:\"end_at\";s:19:\"2026-04-28 01:21:00\";s:5:\"venue\";s:32:\"Pullman Kuala Lumpur City Centre\";s:4:\"city\";s:12:\"Kuala Lumpur\";s:5:\"state\";s:19:\"Wilayah Persekutuan\";s:7:\"country\";s:8:\"Malaysia\";s:16:\"registration_url\";s:55:\"https://events.takaful4all.org/register/innovation-2026\";s:11:\"gdrive_link\";N;s:8:\"media_id\";i:34;s:18:\"venue_map_media_id\";i:38;s:12:\"is_published\";i:1;s:12:\"rsvp_enabled\";i:1;s:13:\"rsvp_deadline\";s:19:\"2026-04-22 17:21:00\";s:13:\"max_attendees\";i:300;s:16:\"require_approval\";i:1;s:9:\"meta_json\";N;s:10:\"created_at\";s:19:\"2026-02-26 17:21:21\";s:10:\"updated_at\";s:19:\"2026-04-15 15:54:06\";}s:10:\"\0*\0changes\";a:0:{}s:11:\"\0*\0previous\";a:0:{}s:8:\"\0*\0casts\";a:8:{s:8:\"start_at\";s:8:\"datetime\";s:6:\"end_at\";s:8:\"datetime\";s:12:\"is_published\";s:7:\"boolean\";s:12:\"rsvp_enabled\";s:7:\"boolean\";s:13:\"rsvp_deadline\";s:8:\"datetime\";s:13:\"max_attendees\";s:7:\"integer\";s:16:\"require_approval\";s:7:\"boolean\";s:9:\"meta_json\";s:5:\"array\";}s:17:\"\0*\0classCastCache\";a:0:{}s:21:\"\0*\0attributeCastCache\";a:0:{}s:13:\"\0*\0dateFormat\";N;s:10:\"\0*\0appends\";a:1:{i:0;s:6:\"status\";}s:19:\"\0*\0dispatchesEvents\";a:0:{}s:14:\"\0*\0observables\";a:0:{}s:12:\"\0*\0relations\";a:1:{s:5:\"media\";O:16:\"App\\Models\\Media\":33:{s:13:\"\0*\0connection\";s:5:\"mysql\";s:8:\"\0*\0table\";s:5:\"media\";s:13:\"\0*\0primaryKey\";s:2:\"id\";s:10:\"\0*\0keyType\";s:3:\"int\";s:12:\"incrementing\";b:1;s:7:\"\0*\0with\";a:0:{}s:12:\"\0*\0withCount\";a:0:{}s:19:\"preventsLazyLoading\";b:0;s:10:\"\0*\0perPage\";i:15;s:6:\"exists\";b:1;s:18:\"wasRecentlyCreated\";b:0;s:28:\"\0*\0escapeWhenCastingToString\";b:0;s:13:\"\0*\0attributes\";a:13:{s:2:\"id\";i:34;s:4:\"disk\";s:6:\"public\";s:4:\"path\";s:54:\"media/2026/04/eff2b60d-1cc9-4465-b0e1-129a84f89132.jpg\";s:14:\"thumbnail_path\";s:60:\"media/2026/04/eff2b60d-1cc9-4465-b0e1-129a84f89132_thumb.jpg\";s:3:\"url\";s:63:\"/storage/media/2026/04/eff2b60d-1cc9-4465-b0e1-129a84f89132.jpg\";s:3:\"alt\";N;s:5:\"title\";s:36:\"61d8909f-ddba-4464-89fa-b11926195fff\";s:4:\"mime\";s:10:\"image/jpeg\";s:4:\"size\";i:221673;s:5:\"width\";i:1536;s:6:\"height\";i:1094;s:10:\"created_at\";s:19:\"2026-04-12 06:50:37\";s:10:\"updated_at\";s:19:\"2026-04-15 05:04:01\";}s:11:\"\0*\0original\";a:13:{s:2:\"id\";i:34;s:4:\"disk\";s:6:\"public\";s:4:\"path\";s:54:\"media/2026/04/eff2b60d-1cc9-4465-b0e1-129a84f89132.jpg\";s:14:\"thumbnail_path\";s:60:\"media/2026/04/eff2b60d-1cc9-4465-b0e1-129a84f89132_thumb.jpg\";s:3:\"url\";s:63:\"/storage/media/2026/04/eff2b60d-1cc9-4465-b0e1-129a84f89132.jpg\";s:3:\"alt\";N;s:5:\"title\";s:36:\"61d8909f-ddba-4464-89fa-b11926195fff\";s:4:\"mime\";s:10:\"image/jpeg\";s:4:\"size\";i:221673;s:5:\"width\";i:1536;s:6:\"height\";i:1094;s:10:\"created_at\";s:19:\"2026-04-12 06:50:37\";s:10:\"updated_at\";s:19:\"2026-04-15 05:04:01\";}s:10:\"\0*\0changes\";a:0:{}s:11:\"\0*\0previous\";a:0:{}s:8:\"\0*\0casts\";a:3:{s:4:\"size\";s:7:\"integer\";s:5:\"width\";s:7:\"integer\";s:6:\"height\";s:7:\"integer\";}s:17:\"\0*\0classCastCache\";a:0:{}s:21:\"\0*\0attributeCastCache\";a:0:{}s:13:\"\0*\0dateFormat\";N;s:10:\"\0*\0appends\";a:1:{i:0;s:13:\"thumbnail_url\";}s:19:\"\0*\0dispatchesEvents\";a:0:{}s:14:\"\0*\0observables\";a:0:{}s:12:\"\0*\0relations\";a:0:{}s:10:\"\0*\0touches\";a:0:{}s:27:\"\0*\0relationAutoloadCallback\";N;s:26:\"\0*\0relationAutoloadContext\";N;s:10:\"timestamps\";b:1;s:13:\"usesUniqueIds\";b:0;s:9:\"\0*\0hidden\";a:0:{}s:10:\"\0*\0visible\";a:0:{}s:11:\"\0*\0fillable\";a:10:{i:0;s:4:\"disk\";i:1;s:4:\"path\";i:2;s:14:\"thumbnail_path\";i:3;s:3:\"url\";i:4;s:3:\"alt\";i:5;s:5:\"title\";i:6;s:4:\"mime\";i:7;s:4:\"size\";i:8;s:5:\"width\";i:9;s:6:\"height\";}s:10:\"\0*\0guarded\";a:1:{i:0;s:1:\"*\";}}}s:10:\"\0*\0touches\";a:0:{}s:27:\"\0*\0relationAutoloadCallback\";N;s:26:\"\0*\0relationAutoloadContext\";N;s:10:\"timestamps\";b:1;s:13:\"usesUniqueIds\";b:0;s:9:\"\0*\0hidden\";a:0:{}s:10:\"\0*\0visible\";a:0:{}s:11:\"\0*\0fillable\";a:20:{i:0;s:5:\"title\";i:1;s:4:\"slug\";i:2;s:7:\"excerpt\";i:3;s:12:\"content_html\";i:4;s:8:\"start_at\";i:5;s:6:\"end_at\";i:6;s:5:\"venue\";i:7;s:4:\"city\";i:8;s:5:\"state\";i:9;s:7:\"country\";i:10;s:16:\"registration_url\";i:11;s:11:\"gdrive_link\";i:12;s:8:\"media_id\";i:13;s:18:\"venue_map_media_id\";i:14;s:12:\"is_published\";i:15;s:12:\"rsvp_enabled\";i:16;s:13:\"rsvp_deadline\";i:17;s:13:\"max_attendees\";i:18;s:16:\"require_approval\";i:19;s:9:\"meta_json\";}s:10:\"\0*\0guarded\";a:1:{i:0;s:1:\"*\";}}}s:28:\"\0*\0escapeWhenCastingToString\";b:0;}',1776270579),('takaful-events-cache-home.webinars','O:39:\"Illuminate\\Database\\Eloquent\\Collection\":2:{s:8:\"\0*\0items\";a:6:{i:0;O:15:\"App\\Models\\Post\":33:{s:13:\"\0*\0connection\";s:5:\"mysql\";s:8:\"\0*\0table\";s:5:\"posts\";s:13:\"\0*\0primaryKey\";s:2:\"id\";s:10:\"\0*\0keyType\";s:3:\"int\";s:12:\"incrementing\";b:1;s:7:\"\0*\0with\";a:0:{}s:12:\"\0*\0withCount\";a:0:{}s:19:\"preventsLazyLoading\";b:0;s:10:\"\0*\0perPage\";i:15;s:6:\"exists\";b:1;s:18:\"wasRecentlyCreated\";b:0;s:28:\"\0*\0escapeWhenCastingToString\";b:0;s:13:\"\0*\0attributes\";a:13:{s:2:\"id\";i:22;s:4:\"type\";s:7:\"webinar\";s:5:\"title\";s:80:\"Sembang Santai 2026 - Nak jalan pi Thailand? Tapi tak ada perlindungan boleh ke?\";s:4:\"slug\";s:77:\"-sembang-santai-2026-nak-jalan-pi-thailand-tapi-tak-ada-perlindungan-boleh-ke\";s:7:\"excerpt\";s:80:\"Sembang Santai 2026 - Nak jalan pi Thailand? Tapi tak ada perlindungan boleh ke?\";s:12:\"content_html\";s:80:\"Sembang Santai 2026 - Nak jalan pi Thailand? Tapi tak ada perlindungan boleh ke?\";s:9:\"embed_url\";s:41:\"https://www.youtube.com/embed/m8zP6CxJyjY\";s:8:\"media_id\";i:24;s:12:\"is_published\";i:1;s:12:\"published_at\";s:19:\"2026-02-24 14:12:00\";s:9:\"meta_json\";N;s:10:\"created_at\";s:19:\"2026-02-24 15:49:26\";s:10:\"updated_at\";s:19:\"2026-02-24 15:49:26\";}s:11:\"\0*\0original\";a:13:{s:2:\"id\";i:22;s:4:\"type\";s:7:\"webinar\";s:5:\"title\";s:80:\"Sembang Santai 2026 - Nak jalan pi Thailand? Tapi tak ada perlindungan boleh ke?\";s:4:\"slug\";s:77:\"-sembang-santai-2026-nak-jalan-pi-thailand-tapi-tak-ada-perlindungan-boleh-ke\";s:7:\"excerpt\";s:80:\"Sembang Santai 2026 - Nak jalan pi Thailand? Tapi tak ada perlindungan boleh ke?\";s:12:\"content_html\";s:80:\"Sembang Santai 2026 - Nak jalan pi Thailand? Tapi tak ada perlindungan boleh ke?\";s:9:\"embed_url\";s:41:\"https://www.youtube.com/embed/m8zP6CxJyjY\";s:8:\"media_id\";i:24;s:12:\"is_published\";i:1;s:12:\"published_at\";s:19:\"2026-02-24 14:12:00\";s:9:\"meta_json\";N;s:10:\"created_at\";s:19:\"2026-02-24 15:49:26\";s:10:\"updated_at\";s:19:\"2026-02-24 15:49:26\";}s:10:\"\0*\0changes\";a:0:{}s:11:\"\0*\0previous\";a:0:{}s:8:\"\0*\0casts\";a:3:{s:12:\"published_at\";s:8:\"datetime\";s:12:\"is_published\";s:7:\"boolean\";s:9:\"meta_json\";s:5:\"array\";}s:17:\"\0*\0classCastCache\";a:0:{}s:21:\"\0*\0attributeCastCache\";a:0:{}s:13:\"\0*\0dateFormat\";N;s:10:\"\0*\0appends\";a:0:{}s:19:\"\0*\0dispatchesEvents\";a:0:{}s:14:\"\0*\0observables\";a:0:{}s:12:\"\0*\0relations\";a:1:{s:5:\"media\";O:16:\"App\\Models\\Media\":33:{s:13:\"\0*\0connection\";s:5:\"mysql\";s:8:\"\0*\0table\";s:5:\"media\";s:13:\"\0*\0primaryKey\";s:2:\"id\";s:10:\"\0*\0keyType\";s:3:\"int\";s:12:\"incrementing\";b:1;s:7:\"\0*\0with\";a:0:{}s:12:\"\0*\0withCount\";a:0:{}s:19:\"preventsLazyLoading\";b:0;s:10:\"\0*\0perPage\";i:15;s:6:\"exists\";b:1;s:18:\"wasRecentlyCreated\";b:0;s:28:\"\0*\0escapeWhenCastingToString\";b:0;s:13:\"\0*\0attributes\";a:13:{s:2:\"id\";i:24;s:4:\"disk\";s:6:\"public\";s:4:\"path\";s:54:\"media/2026/02/b3a4bd6b-4e2d-43b5-9b5b-4aed6ced075d.jpg\";s:14:\"thumbnail_path\";N;s:3:\"url\";s:63:\"/storage/media/2026/02/b3a4bd6b-4e2d-43b5-9b5b-4aed6ced075d.jpg\";s:3:\"alt\";N;s:5:\"title\";s:17:\"youtube-thumbnail\";s:4:\"mime\";s:10:\"image/jpeg\";s:4:\"size\";i:26467;s:5:\"width\";i:480;s:6:\"height\";i:360;s:10:\"created_at\";s:19:\"2026-02-24 15:49:18\";s:10:\"updated_at\";s:19:\"2026-02-24 15:49:18\";}s:11:\"\0*\0original\";a:13:{s:2:\"id\";i:24;s:4:\"disk\";s:6:\"public\";s:4:\"path\";s:54:\"media/2026/02/b3a4bd6b-4e2d-43b5-9b5b-4aed6ced075d.jpg\";s:14:\"thumbnail_path\";N;s:3:\"url\";s:63:\"/storage/media/2026/02/b3a4bd6b-4e2d-43b5-9b5b-4aed6ced075d.jpg\";s:3:\"alt\";N;s:5:\"title\";s:17:\"youtube-thumbnail\";s:4:\"mime\";s:10:\"image/jpeg\";s:4:\"size\";i:26467;s:5:\"width\";i:480;s:6:\"height\";i:360;s:10:\"created_at\";s:19:\"2026-02-24 15:49:18\";s:10:\"updated_at\";s:19:\"2026-02-24 15:49:18\";}s:10:\"\0*\0changes\";a:0:{}s:11:\"\0*\0previous\";a:0:{}s:8:\"\0*\0casts\";a:3:{s:4:\"size\";s:7:\"integer\";s:5:\"width\";s:7:\"integer\";s:6:\"height\";s:7:\"integer\";}s:17:\"\0*\0classCastCache\";a:0:{}s:21:\"\0*\0attributeCastCache\";a:0:{}s:13:\"\0*\0dateFormat\";N;s:10:\"\0*\0appends\";a:1:{i:0;s:13:\"thumbnail_url\";}s:19:\"\0*\0dispatchesEvents\";a:0:{}s:14:\"\0*\0observables\";a:0:{}s:12:\"\0*\0relations\";a:0:{}s:10:\"\0*\0touches\";a:0:{}s:27:\"\0*\0relationAutoloadCallback\";N;s:26:\"\0*\0relationAutoloadContext\";N;s:10:\"timestamps\";b:1;s:13:\"usesUniqueIds\";b:0;s:9:\"\0*\0hidden\";a:0:{}s:10:\"\0*\0visible\";a:0:{}s:11:\"\0*\0fillable\";a:10:{i:0;s:4:\"disk\";i:1;s:4:\"path\";i:2;s:14:\"thumbnail_path\";i:3;s:3:\"url\";i:4;s:3:\"alt\";i:5;s:5:\"title\";i:6;s:4:\"mime\";i:7;s:4:\"size\";i:8;s:5:\"width\";i:9;s:6:\"height\";}s:10:\"\0*\0guarded\";a:1:{i:0;s:1:\"*\";}}}s:10:\"\0*\0touches\";a:0:{}s:27:\"\0*\0relationAutoloadCallback\";N;s:26:\"\0*\0relationAutoloadContext\";N;s:10:\"timestamps\";b:1;s:13:\"usesUniqueIds\";b:0;s:9:\"\0*\0hidden\";a:0:{}s:10:\"\0*\0visible\";a:0:{}s:11:\"\0*\0fillable\";a:10:{i:0;s:4:\"type\";i:1;s:5:\"title\";i:2;s:4:\"slug\";i:3;s:7:\"excerpt\";i:4;s:12:\"content_html\";i:5;s:9:\"embed_url\";i:6;s:8:\"media_id\";i:7;s:12:\"is_published\";i:8;s:12:\"published_at\";i:9;s:9:\"meta_json\";}s:10:\"\0*\0guarded\";a:1:{i:0;s:1:\"*\";}}i:1;O:15:\"App\\Models\\Post\":33:{s:13:\"\0*\0connection\";s:5:\"mysql\";s:8:\"\0*\0table\";s:5:\"posts\";s:13:\"\0*\0primaryKey\";s:2:\"id\";s:10:\"\0*\0keyType\";s:3:\"int\";s:12:\"incrementing\";b:1;s:7:\"\0*\0with\";a:0:{}s:12:\"\0*\0withCount\";a:0:{}s:19:\"preventsLazyLoading\";b:0;s:10:\"\0*\0perPage\";i:15;s:6:\"exists\";b:1;s:18:\"wasRecentlyCreated\";b:0;s:28:\"\0*\0escapeWhenCastingToString\";b:0;s:13:\"\0*\0attributes\";a:13:{s:2:\"id\";i:21;s:4:\"type\";s:7:\"webinar\";s:5:\"title\";s:53:\"Sesi Roll Out Hijrah27 Bersama Ejen (English Version)\";s:4:\"slug\";s:52:\"-sesi-roll-out-hijrah27-bersama-ejen-english-version\";s:7:\"excerpt\";s:75:\"Date : 13 February 2025\nTime : 10 am\nBy : Mr Mohd Radzuan Mohamed, CEO, MTA\";s:12:\"content_html\";s:139:\"<p><strong>Date :</strong> 13 February 2025<br><strong>Time :</strong> 10 am<br><strong>By :</strong> Mr Mohd Radzuan Mohamed, CEO, MTA</p>\";s:9:\"embed_url\";s:41:\"https://www.youtube.com/embed/VCPOfSU_eok\";s:8:\"media_id\";i:23;s:12:\"is_published\";i:1;s:12:\"published_at\";s:19:\"2026-02-24 14:11:00\";s:9:\"meta_json\";N;s:10:\"created_at\";s:19:\"2026-02-24 15:48:41\";s:10:\"updated_at\";s:19:\"2026-02-24 15:48:41\";}s:11:\"\0*\0original\";a:13:{s:2:\"id\";i:21;s:4:\"type\";s:7:\"webinar\";s:5:\"title\";s:53:\"Sesi Roll Out Hijrah27 Bersama Ejen (English Version)\";s:4:\"slug\";s:52:\"-sesi-roll-out-hijrah27-bersama-ejen-english-version\";s:7:\"excerpt\";s:75:\"Date : 13 February 2025\nTime : 10 am\nBy : Mr Mohd Radzuan Mohamed, CEO, MTA\";s:12:\"content_html\";s:139:\"<p><strong>Date :</strong> 13 February 2025<br><strong>Time :</strong> 10 am<br><strong>By :</strong> Mr Mohd Radzuan Mohamed, CEO, MTA</p>\";s:9:\"embed_url\";s:41:\"https://www.youtube.com/embed/VCPOfSU_eok\";s:8:\"media_id\";i:23;s:12:\"is_published\";i:1;s:12:\"published_at\";s:19:\"2026-02-24 14:11:00\";s:9:\"meta_json\";N;s:10:\"created_at\";s:19:\"2026-02-24 15:48:41\";s:10:\"updated_at\";s:19:\"2026-02-24 15:48:41\";}s:10:\"\0*\0changes\";a:0:{}s:11:\"\0*\0previous\";a:0:{}s:8:\"\0*\0casts\";a:3:{s:12:\"published_at\";s:8:\"datetime\";s:12:\"is_published\";s:7:\"boolean\";s:9:\"meta_json\";s:5:\"array\";}s:17:\"\0*\0classCastCache\";a:0:{}s:21:\"\0*\0attributeCastCache\";a:0:{}s:13:\"\0*\0dateFormat\";N;s:10:\"\0*\0appends\";a:0:{}s:19:\"\0*\0dispatchesEvents\";a:0:{}s:14:\"\0*\0observables\";a:0:{}s:12:\"\0*\0relations\";a:1:{s:5:\"media\";O:16:\"App\\Models\\Media\":33:{s:13:\"\0*\0connection\";s:5:\"mysql\";s:8:\"\0*\0table\";s:5:\"media\";s:13:\"\0*\0primaryKey\";s:2:\"id\";s:10:\"\0*\0keyType\";s:3:\"int\";s:12:\"incrementing\";b:1;s:7:\"\0*\0with\";a:0:{}s:12:\"\0*\0withCount\";a:0:{}s:19:\"preventsLazyLoading\";b:0;s:10:\"\0*\0perPage\";i:15;s:6:\"exists\";b:1;s:18:\"wasRecentlyCreated\";b:0;s:28:\"\0*\0escapeWhenCastingToString\";b:0;s:13:\"\0*\0attributes\";a:13:{s:2:\"id\";i:23;s:4:\"disk\";s:6:\"public\";s:4:\"path\";s:54:\"media/2026/02/bb131d3c-af5a-4aa5-89d9-91faac58dd8e.jpg\";s:14:\"thumbnail_path\";N;s:3:\"url\";s:63:\"/storage/media/2026/02/bb131d3c-af5a-4aa5-89d9-91faac58dd8e.jpg\";s:3:\"alt\";N;s:5:\"title\";s:17:\"youtube-thumbnail\";s:4:\"mime\";s:10:\"image/jpeg\";s:4:\"size\";i:28711;s:5:\"width\";i:480;s:6:\"height\";i:360;s:10:\"created_at\";s:19:\"2026-02-24 15:48:34\";s:10:\"updated_at\";s:19:\"2026-02-24 15:48:34\";}s:11:\"\0*\0original\";a:13:{s:2:\"id\";i:23;s:4:\"disk\";s:6:\"public\";s:4:\"path\";s:54:\"media/2026/02/bb131d3c-af5a-4aa5-89d9-91faac58dd8e.jpg\";s:14:\"thumbnail_path\";N;s:3:\"url\";s:63:\"/storage/media/2026/02/bb131d3c-af5a-4aa5-89d9-91faac58dd8e.jpg\";s:3:\"alt\";N;s:5:\"title\";s:17:\"youtube-thumbnail\";s:4:\"mime\";s:10:\"image/jpeg\";s:4:\"size\";i:28711;s:5:\"width\";i:480;s:6:\"height\";i:360;s:10:\"created_at\";s:19:\"2026-02-24 15:48:34\";s:10:\"updated_at\";s:19:\"2026-02-24 15:48:34\";}s:10:\"\0*\0changes\";a:0:{}s:11:\"\0*\0previous\";a:0:{}s:8:\"\0*\0casts\";a:3:{s:4:\"size\";s:7:\"integer\";s:5:\"width\";s:7:\"integer\";s:6:\"height\";s:7:\"integer\";}s:17:\"\0*\0classCastCache\";a:0:{}s:21:\"\0*\0attributeCastCache\";a:0:{}s:13:\"\0*\0dateFormat\";N;s:10:\"\0*\0appends\";a:1:{i:0;s:13:\"thumbnail_url\";}s:19:\"\0*\0dispatchesEvents\";a:0:{}s:14:\"\0*\0observables\";a:0:{}s:12:\"\0*\0relations\";a:0:{}s:10:\"\0*\0touches\";a:0:{}s:27:\"\0*\0relationAutoloadCallback\";N;s:26:\"\0*\0relationAutoloadContext\";N;s:10:\"timestamps\";b:1;s:13:\"usesUniqueIds\";b:0;s:9:\"\0*\0hidden\";a:0:{}s:10:\"\0*\0visible\";a:0:{}s:11:\"\0*\0fillable\";a:10:{i:0;s:4:\"disk\";i:1;s:4:\"path\";i:2;s:14:\"thumbnail_path\";i:3;s:3:\"url\";i:4;s:3:\"alt\";i:5;s:5:\"title\";i:6;s:4:\"mime\";i:7;s:4:\"size\";i:8;s:5:\"width\";i:9;s:6:\"height\";}s:10:\"\0*\0guarded\";a:1:{i:0;s:1:\"*\";}}}s:10:\"\0*\0touches\";a:0:{}s:27:\"\0*\0relationAutoloadCallback\";N;s:26:\"\0*\0relationAutoloadContext\";N;s:10:\"timestamps\";b:1;s:13:\"usesUniqueIds\";b:0;s:9:\"\0*\0hidden\";a:0:{}s:10:\"\0*\0visible\";a:0:{}s:11:\"\0*\0fillable\";a:10:{i:0;s:4:\"type\";i:1;s:5:\"title\";i:2;s:4:\"slug\";i:3;s:7:\"excerpt\";i:4;s:12:\"content_html\";i:5;s:9:\"embed_url\";i:6;s:8:\"media_id\";i:7;s:12:\"is_published\";i:8;s:12:\"published_at\";i:9;s:9:\"meta_json\";}s:10:\"\0*\0guarded\";a:1:{i:0;s:1:\"*\";}}i:2;O:15:\"App\\Models\\Post\":33:{s:13:\"\0*\0connection\";s:5:\"mysql\";s:8:\"\0*\0table\";s:5:\"posts\";s:13:\"\0*\0primaryKey\";s:2:\"id\";s:10:\"\0*\0keyType\";s:3:\"int\";s:12:\"incrementing\";b:1;s:7:\"\0*\0with\";a:0:{}s:12:\"\0*\0withCount\";a:0:{}s:19:\"preventsLazyLoading\";b:0;s:10:\"\0*\0perPage\";i:15;s:6:\"exists\";b:1;s:18:\"wasRecentlyCreated\";b:0;s:28:\"\0*\0escapeWhenCastingToString\";b:0;s:13:\"\0*\0attributes\";a:13:{s:2:\"id\";i:20;s:4:\"type\";s:7:\"webinar\";s:5:\"title\";s:50:\"Sesi Roll Out Hijrah27 Bersama Ejen (Versi Melayu)\";s:4:\"slug\";s:49:\"-sesi-roll-out-hijrah27-bersama-ejen-versi-melayu\";s:7:\"excerpt\";s:77:\"Date : 13 February 2025\nTime : 1.30 pm\nBy : Mr Mohd Radzuan Mohamed, CEO, MTA\";s:12:\"content_html\";s:141:\"<p><strong>Date :</strong> 13 February 2025<br><strong>Time :</strong> 1.30 pm<br><strong>By :</strong> Mr Mohd Radzuan Mohamed, CEO, MTA</p>\";s:9:\"embed_url\";s:41:\"https://www.youtube.com/embed/wX5x2axsa7c\";s:8:\"media_id\";i:22;s:12:\"is_published\";i:1;s:12:\"published_at\";s:19:\"2026-02-24 14:10:00\";s:9:\"meta_json\";N;s:10:\"created_at\";s:19:\"2026-02-24 15:47:56\";s:10:\"updated_at\";s:19:\"2026-02-24 15:47:56\";}s:11:\"\0*\0original\";a:13:{s:2:\"id\";i:20;s:4:\"type\";s:7:\"webinar\";s:5:\"title\";s:50:\"Sesi Roll Out Hijrah27 Bersama Ejen (Versi Melayu)\";s:4:\"slug\";s:49:\"-sesi-roll-out-hijrah27-bersama-ejen-versi-melayu\";s:7:\"excerpt\";s:77:\"Date : 13 February 2025\nTime : 1.30 pm\nBy : Mr Mohd Radzuan Mohamed, CEO, MTA\";s:12:\"content_html\";s:141:\"<p><strong>Date :</strong> 13 February 2025<br><strong>Time :</strong> 1.30 pm<br><strong>By :</strong> Mr Mohd Radzuan Mohamed, CEO, MTA</p>\";s:9:\"embed_url\";s:41:\"https://www.youtube.com/embed/wX5x2axsa7c\";s:8:\"media_id\";i:22;s:12:\"is_published\";i:1;s:12:\"published_at\";s:19:\"2026-02-24 14:10:00\";s:9:\"meta_json\";N;s:10:\"created_at\";s:19:\"2026-02-24 15:47:56\";s:10:\"updated_at\";s:19:\"2026-02-24 15:47:56\";}s:10:\"\0*\0changes\";a:0:{}s:11:\"\0*\0previous\";a:0:{}s:8:\"\0*\0casts\";a:3:{s:12:\"published_at\";s:8:\"datetime\";s:12:\"is_published\";s:7:\"boolean\";s:9:\"meta_json\";s:5:\"array\";}s:17:\"\0*\0classCastCache\";a:0:{}s:21:\"\0*\0attributeCastCache\";a:0:{}s:13:\"\0*\0dateFormat\";N;s:10:\"\0*\0appends\";a:0:{}s:19:\"\0*\0dispatchesEvents\";a:0:{}s:14:\"\0*\0observables\";a:0:{}s:12:\"\0*\0relations\";a:1:{s:5:\"media\";O:16:\"App\\Models\\Media\":33:{s:13:\"\0*\0connection\";s:5:\"mysql\";s:8:\"\0*\0table\";s:5:\"media\";s:13:\"\0*\0primaryKey\";s:2:\"id\";s:10:\"\0*\0keyType\";s:3:\"int\";s:12:\"incrementing\";b:1;s:7:\"\0*\0with\";a:0:{}s:12:\"\0*\0withCount\";a:0:{}s:19:\"preventsLazyLoading\";b:0;s:10:\"\0*\0perPage\";i:15;s:6:\"exists\";b:1;s:18:\"wasRecentlyCreated\";b:0;s:28:\"\0*\0escapeWhenCastingToString\";b:0;s:13:\"\0*\0attributes\";a:13:{s:2:\"id\";i:22;s:4:\"disk\";s:6:\"public\";s:4:\"path\";s:54:\"media/2026/02/3d02d698-1728-435d-a019-87db560e0669.jpg\";s:14:\"thumbnail_path\";N;s:3:\"url\";s:63:\"/storage/media/2026/02/3d02d698-1728-435d-a019-87db560e0669.jpg\";s:3:\"alt\";N;s:5:\"title\";s:17:\"youtube-thumbnail\";s:4:\"mime\";s:10:\"image/jpeg\";s:4:\"size\";i:27064;s:5:\"width\";i:480;s:6:\"height\";i:360;s:10:\"created_at\";s:19:\"2026-02-24 15:47:45\";s:10:\"updated_at\";s:19:\"2026-02-24 15:47:45\";}s:11:\"\0*\0original\";a:13:{s:2:\"id\";i:22;s:4:\"disk\";s:6:\"public\";s:4:\"path\";s:54:\"media/2026/02/3d02d698-1728-435d-a019-87db560e0669.jpg\";s:14:\"thumbnail_path\";N;s:3:\"url\";s:63:\"/storage/media/2026/02/3d02d698-1728-435d-a019-87db560e0669.jpg\";s:3:\"alt\";N;s:5:\"title\";s:17:\"youtube-thumbnail\";s:4:\"mime\";s:10:\"image/jpeg\";s:4:\"size\";i:27064;s:5:\"width\";i:480;s:6:\"height\";i:360;s:10:\"created_at\";s:19:\"2026-02-24 15:47:45\";s:10:\"updated_at\";s:19:\"2026-02-24 15:47:45\";}s:10:\"\0*\0changes\";a:0:{}s:11:\"\0*\0previous\";a:0:{}s:8:\"\0*\0casts\";a:3:{s:4:\"size\";s:7:\"integer\";s:5:\"width\";s:7:\"integer\";s:6:\"height\";s:7:\"integer\";}s:17:\"\0*\0classCastCache\";a:0:{}s:21:\"\0*\0attributeCastCache\";a:0:{}s:13:\"\0*\0dateFormat\";N;s:10:\"\0*\0appends\";a:1:{i:0;s:13:\"thumbnail_url\";}s:19:\"\0*\0dispatchesEvents\";a:0:{}s:14:\"\0*\0observables\";a:0:{}s:12:\"\0*\0relations\";a:0:{}s:10:\"\0*\0touches\";a:0:{}s:27:\"\0*\0relationAutoloadCallback\";N;s:26:\"\0*\0relationAutoloadContext\";N;s:10:\"timestamps\";b:1;s:13:\"usesUniqueIds\";b:0;s:9:\"\0*\0hidden\";a:0:{}s:10:\"\0*\0visible\";a:0:{}s:11:\"\0*\0fillable\";a:10:{i:0;s:4:\"disk\";i:1;s:4:\"path\";i:2;s:14:\"thumbnail_path\";i:3;s:3:\"url\";i:4;s:3:\"alt\";i:5;s:5:\"title\";i:6;s:4:\"mime\";i:7;s:4:\"size\";i:8;s:5:\"width\";i:9;s:6:\"height\";}s:10:\"\0*\0guarded\";a:1:{i:0;s:1:\"*\";}}}s:10:\"\0*\0touches\";a:0:{}s:27:\"\0*\0relationAutoloadCallback\";N;s:26:\"\0*\0relationAutoloadContext\";N;s:10:\"timestamps\";b:1;s:13:\"usesUniqueIds\";b:0;s:9:\"\0*\0hidden\";a:0:{}s:10:\"\0*\0visible\";a:0:{}s:11:\"\0*\0fillable\";a:10:{i:0;s:4:\"type\";i:1;s:5:\"title\";i:2;s:4:\"slug\";i:3;s:7:\"excerpt\";i:4;s:12:\"content_html\";i:5;s:9:\"embed_url\";i:6;s:8:\"media_id\";i:7;s:12:\"is_published\";i:8;s:12:\"published_at\";i:9;s:9:\"meta_json\";}s:10:\"\0*\0guarded\";a:1:{i:0;s:1:\"*\";}}i:3;O:15:\"App\\Models\\Post\":33:{s:13:\"\0*\0connection\";s:5:\"mysql\";s:8:\"\0*\0table\";s:5:\"posts\";s:13:\"\0*\0primaryKey\";s:2:\"id\";s:10:\"\0*\0keyType\";s:3:\"int\";s:12:\"incrementing\";b:1;s:7:\"\0*\0with\";a:0:{}s:12:\"\0*\0withCount\";a:0:{}s:19:\"preventsLazyLoading\";b:0;s:10:\"\0*\0perPage\";i:15;s:6:\"exists\";b:1;s:18:\"wasRecentlyCreated\";b:0;s:28:\"\0*\0escapeWhenCastingToString\";b:0;s:13:\"\0*\0attributes\";a:13:{s:2:\"id\";i:19;s:4:\"type\";s:7:\"webinar\";s:5:\"title\";s:41:\"Takaful Hi-5: MDRT Achievers - Siti Hajar\";s:4:\"slug\";s:39:\"-takaful-hi-5-mdrt-achievers-siti-hajar\";s:7:\"excerpt\";s:62:\"Ms Siti Hajar, MDRT Achiever from Great Eastern Takaful Berhad\";s:12:\"content_html\";s:69:\"<p>Ms Siti Hajar, MDRT Achiever from Great Eastern Takaful Berhad</p>\";s:9:\"embed_url\";s:41:\"https://www.youtube.com/embed/pBSOfWRjyng\";s:8:\"media_id\";i:21;s:12:\"is_published\";i:1;s:12:\"published_at\";s:19:\"2026-02-24 14:09:00\";s:9:\"meta_json\";N;s:10:\"created_at\";s:19:\"2026-02-24 15:47:17\";s:10:\"updated_at\";s:19:\"2026-02-24 15:47:17\";}s:11:\"\0*\0original\";a:13:{s:2:\"id\";i:19;s:4:\"type\";s:7:\"webinar\";s:5:\"title\";s:41:\"Takaful Hi-5: MDRT Achievers - Siti Hajar\";s:4:\"slug\";s:39:\"-takaful-hi-5-mdrt-achievers-siti-hajar\";s:7:\"excerpt\";s:62:\"Ms Siti Hajar, MDRT Achiever from Great Eastern Takaful Berhad\";s:12:\"content_html\";s:69:\"<p>Ms Siti Hajar, MDRT Achiever from Great Eastern Takaful Berhad</p>\";s:9:\"embed_url\";s:41:\"https://www.youtube.com/embed/pBSOfWRjyng\";s:8:\"media_id\";i:21;s:12:\"is_published\";i:1;s:12:\"published_at\";s:19:\"2026-02-24 14:09:00\";s:9:\"meta_json\";N;s:10:\"created_at\";s:19:\"2026-02-24 15:47:17\";s:10:\"updated_at\";s:19:\"2026-02-24 15:47:17\";}s:10:\"\0*\0changes\";a:0:{}s:11:\"\0*\0previous\";a:0:{}s:8:\"\0*\0casts\";a:3:{s:12:\"published_at\";s:8:\"datetime\";s:12:\"is_published\";s:7:\"boolean\";s:9:\"meta_json\";s:5:\"array\";}s:17:\"\0*\0classCastCache\";a:0:{}s:21:\"\0*\0attributeCastCache\";a:0:{}s:13:\"\0*\0dateFormat\";N;s:10:\"\0*\0appends\";a:0:{}s:19:\"\0*\0dispatchesEvents\";a:0:{}s:14:\"\0*\0observables\";a:0:{}s:12:\"\0*\0relations\";a:1:{s:5:\"media\";O:16:\"App\\Models\\Media\":33:{s:13:\"\0*\0connection\";s:5:\"mysql\";s:8:\"\0*\0table\";s:5:\"media\";s:13:\"\0*\0primaryKey\";s:2:\"id\";s:10:\"\0*\0keyType\";s:3:\"int\";s:12:\"incrementing\";b:1;s:7:\"\0*\0with\";a:0:{}s:12:\"\0*\0withCount\";a:0:{}s:19:\"preventsLazyLoading\";b:0;s:10:\"\0*\0perPage\";i:15;s:6:\"exists\";b:1;s:18:\"wasRecentlyCreated\";b:0;s:28:\"\0*\0escapeWhenCastingToString\";b:0;s:13:\"\0*\0attributes\";a:13:{s:2:\"id\";i:21;s:4:\"disk\";s:6:\"public\";s:4:\"path\";s:54:\"media/2026/02/dfb61914-8643-4e8b-987a-7ee557593243.jpg\";s:14:\"thumbnail_path\";N;s:3:\"url\";s:63:\"/storage/media/2026/02/dfb61914-8643-4e8b-987a-7ee557593243.jpg\";s:3:\"alt\";N;s:5:\"title\";s:17:\"youtube-thumbnail\";s:4:\"mime\";s:10:\"image/jpeg\";s:4:\"size\";i:71788;s:5:\"width\";i:1280;s:6:\"height\";i:720;s:10:\"created_at\";s:19:\"2026-02-24 15:47:10\";s:10:\"updated_at\";s:19:\"2026-02-24 15:47:10\";}s:11:\"\0*\0original\";a:13:{s:2:\"id\";i:21;s:4:\"disk\";s:6:\"public\";s:4:\"path\";s:54:\"media/2026/02/dfb61914-8643-4e8b-987a-7ee557593243.jpg\";s:14:\"thumbnail_path\";N;s:3:\"url\";s:63:\"/storage/media/2026/02/dfb61914-8643-4e8b-987a-7ee557593243.jpg\";s:3:\"alt\";N;s:5:\"title\";s:17:\"youtube-thumbnail\";s:4:\"mime\";s:10:\"image/jpeg\";s:4:\"size\";i:71788;s:5:\"width\";i:1280;s:6:\"height\";i:720;s:10:\"created_at\";s:19:\"2026-02-24 15:47:10\";s:10:\"updated_at\";s:19:\"2026-02-24 15:47:10\";}s:10:\"\0*\0changes\";a:0:{}s:11:\"\0*\0previous\";a:0:{}s:8:\"\0*\0casts\";a:3:{s:4:\"size\";s:7:\"integer\";s:5:\"width\";s:7:\"integer\";s:6:\"height\";s:7:\"integer\";}s:17:\"\0*\0classCastCache\";a:0:{}s:21:\"\0*\0attributeCastCache\";a:0:{}s:13:\"\0*\0dateFormat\";N;s:10:\"\0*\0appends\";a:1:{i:0;s:13:\"thumbnail_url\";}s:19:\"\0*\0dispatchesEvents\";a:0:{}s:14:\"\0*\0observables\";a:0:{}s:12:\"\0*\0relations\";a:0:{}s:10:\"\0*\0touches\";a:0:{}s:27:\"\0*\0relationAutoloadCallback\";N;s:26:\"\0*\0relationAutoloadContext\";N;s:10:\"timestamps\";b:1;s:13:\"usesUniqueIds\";b:0;s:9:\"\0*\0hidden\";a:0:{}s:10:\"\0*\0visible\";a:0:{}s:11:\"\0*\0fillable\";a:10:{i:0;s:4:\"disk\";i:1;s:4:\"path\";i:2;s:14:\"thumbnail_path\";i:3;s:3:\"url\";i:4;s:3:\"alt\";i:5;s:5:\"title\";i:6;s:4:\"mime\";i:7;s:4:\"size\";i:8;s:5:\"width\";i:9;s:6:\"height\";}s:10:\"\0*\0guarded\";a:1:{i:0;s:1:\"*\";}}}s:10:\"\0*\0touches\";a:0:{}s:27:\"\0*\0relationAutoloadCallback\";N;s:26:\"\0*\0relationAutoloadContext\";N;s:10:\"timestamps\";b:1;s:13:\"usesUniqueIds\";b:0;s:9:\"\0*\0hidden\";a:0:{}s:10:\"\0*\0visible\";a:0:{}s:11:\"\0*\0fillable\";a:10:{i:0;s:4:\"type\";i:1;s:5:\"title\";i:2;s:4:\"slug\";i:3;s:7:\"excerpt\";i:4;s:12:\"content_html\";i:5;s:9:\"embed_url\";i:6;s:8:\"media_id\";i:7;s:12:\"is_published\";i:8;s:12:\"published_at\";i:9;s:9:\"meta_json\";}s:10:\"\0*\0guarded\";a:1:{i:0;s:1:\"*\";}}i:4;O:15:\"App\\Models\\Post\":33:{s:13:\"\0*\0connection\";s:5:\"mysql\";s:8:\"\0*\0table\";s:5:\"posts\";s:13:\"\0*\0primaryKey\";s:2:\"id\";s:10:\"\0*\0keyType\";s:3:\"int\";s:12:\"incrementing\";b:1;s:7:\"\0*\0with\";a:0:{}s:12:\"\0*\0withCount\";a:0:{}s:19:\"preventsLazyLoading\";b:0;s:10:\"\0*\0perPage\";i:15;s:6:\"exists\";b:1;s:18:\"wasRecentlyCreated\";b:0;s:28:\"\0*\0escapeWhenCastingToString\";b:0;s:13:\"\0*\0attributes\";a:13:{s:2:\"id\";i:18;s:4:\"type\";s:7:\"webinar\";s:5:\"title\";s:48:\"Takaful Hi-5: Takaful Engagement on Social Media\";s:4:\"slug\";s:48:\"-takaful-hi-5-takaful-engagement-on-social-media\";s:7:\"excerpt\";s:54:\"Encik Mohamad Hilmi from Prudential BSN Takaful Berhad\";s:12:\"content_html\";s:61:\"<p>Encik Mohamad Hilmi from Prudential BSN Takaful Berhad</p>\";s:9:\"embed_url\";s:41:\"https://www.youtube.com/embed/470h8AuN0P8\";s:8:\"media_id\";i:20;s:12:\"is_published\";i:1;s:12:\"published_at\";s:19:\"2026-02-24 14:08:00\";s:9:\"meta_json\";N;s:10:\"created_at\";s:19:\"2026-02-24 15:46:40\";s:10:\"updated_at\";s:19:\"2026-02-24 15:46:40\";}s:11:\"\0*\0original\";a:13:{s:2:\"id\";i:18;s:4:\"type\";s:7:\"webinar\";s:5:\"title\";s:48:\"Takaful Hi-5: Takaful Engagement on Social Media\";s:4:\"slug\";s:48:\"-takaful-hi-5-takaful-engagement-on-social-media\";s:7:\"excerpt\";s:54:\"Encik Mohamad Hilmi from Prudential BSN Takaful Berhad\";s:12:\"content_html\";s:61:\"<p>Encik Mohamad Hilmi from Prudential BSN Takaful Berhad</p>\";s:9:\"embed_url\";s:41:\"https://www.youtube.com/embed/470h8AuN0P8\";s:8:\"media_id\";i:20;s:12:\"is_published\";i:1;s:12:\"published_at\";s:19:\"2026-02-24 14:08:00\";s:9:\"meta_json\";N;s:10:\"created_at\";s:19:\"2026-02-24 15:46:40\";s:10:\"updated_at\";s:19:\"2026-02-24 15:46:40\";}s:10:\"\0*\0changes\";a:0:{}s:11:\"\0*\0previous\";a:0:{}s:8:\"\0*\0casts\";a:3:{s:12:\"published_at\";s:8:\"datetime\";s:12:\"is_published\";s:7:\"boolean\";s:9:\"meta_json\";s:5:\"array\";}s:17:\"\0*\0classCastCache\";a:0:{}s:21:\"\0*\0attributeCastCache\";a:0:{}s:13:\"\0*\0dateFormat\";N;s:10:\"\0*\0appends\";a:0:{}s:19:\"\0*\0dispatchesEvents\";a:0:{}s:14:\"\0*\0observables\";a:0:{}s:12:\"\0*\0relations\";a:1:{s:5:\"media\";O:16:\"App\\Models\\Media\":33:{s:13:\"\0*\0connection\";s:5:\"mysql\";s:8:\"\0*\0table\";s:5:\"media\";s:13:\"\0*\0primaryKey\";s:2:\"id\";s:10:\"\0*\0keyType\";s:3:\"int\";s:12:\"incrementing\";b:1;s:7:\"\0*\0with\";a:0:{}s:12:\"\0*\0withCount\";a:0:{}s:19:\"preventsLazyLoading\";b:0;s:10:\"\0*\0perPage\";i:15;s:6:\"exists\";b:1;s:18:\"wasRecentlyCreated\";b:0;s:28:\"\0*\0escapeWhenCastingToString\";b:0;s:13:\"\0*\0attributes\";a:13:{s:2:\"id\";i:20;s:4:\"disk\";s:6:\"public\";s:4:\"path\";s:54:\"media/2026/02/87cc1f1b-b7e7-4849-87bf-120c3a5881bd.jpg\";s:14:\"thumbnail_path\";N;s:3:\"url\";s:63:\"/storage/media/2026/02/87cc1f1b-b7e7-4849-87bf-120c3a5881bd.jpg\";s:3:\"alt\";N;s:5:\"title\";s:17:\"youtube-thumbnail\";s:4:\"mime\";s:10:\"image/jpeg\";s:4:\"size\";i:71937;s:5:\"width\";i:1280;s:6:\"height\";i:720;s:10:\"created_at\";s:19:\"2026-02-24 15:46:33\";s:10:\"updated_at\";s:19:\"2026-02-24 15:46:33\";}s:11:\"\0*\0original\";a:13:{s:2:\"id\";i:20;s:4:\"disk\";s:6:\"public\";s:4:\"path\";s:54:\"media/2026/02/87cc1f1b-b7e7-4849-87bf-120c3a5881bd.jpg\";s:14:\"thumbnail_path\";N;s:3:\"url\";s:63:\"/storage/media/2026/02/87cc1f1b-b7e7-4849-87bf-120c3a5881bd.jpg\";s:3:\"alt\";N;s:5:\"title\";s:17:\"youtube-thumbnail\";s:4:\"mime\";s:10:\"image/jpeg\";s:4:\"size\";i:71937;s:5:\"width\";i:1280;s:6:\"height\";i:720;s:10:\"created_at\";s:19:\"2026-02-24 15:46:33\";s:10:\"updated_at\";s:19:\"2026-02-24 15:46:33\";}s:10:\"\0*\0changes\";a:0:{}s:11:\"\0*\0previous\";a:0:{}s:8:\"\0*\0casts\";a:3:{s:4:\"size\";s:7:\"integer\";s:5:\"width\";s:7:\"integer\";s:6:\"height\";s:7:\"integer\";}s:17:\"\0*\0classCastCache\";a:0:{}s:21:\"\0*\0attributeCastCache\";a:0:{}s:13:\"\0*\0dateFormat\";N;s:10:\"\0*\0appends\";a:1:{i:0;s:13:\"thumbnail_url\";}s:19:\"\0*\0dispatchesEvents\";a:0:{}s:14:\"\0*\0observables\";a:0:{}s:12:\"\0*\0relations\";a:0:{}s:10:\"\0*\0touches\";a:0:{}s:27:\"\0*\0relationAutoloadCallback\";N;s:26:\"\0*\0relationAutoloadContext\";N;s:10:\"timestamps\";b:1;s:13:\"usesUniqueIds\";b:0;s:9:\"\0*\0hidden\";a:0:{}s:10:\"\0*\0visible\";a:0:{}s:11:\"\0*\0fillable\";a:10:{i:0;s:4:\"disk\";i:1;s:4:\"path\";i:2;s:14:\"thumbnail_path\";i:3;s:3:\"url\";i:4;s:3:\"alt\";i:5;s:5:\"title\";i:6;s:4:\"mime\";i:7;s:4:\"size\";i:8;s:5:\"width\";i:9;s:6:\"height\";}s:10:\"\0*\0guarded\";a:1:{i:0;s:1:\"*\";}}}s:10:\"\0*\0touches\";a:0:{}s:27:\"\0*\0relationAutoloadCallback\";N;s:26:\"\0*\0relationAutoloadContext\";N;s:10:\"timestamps\";b:1;s:13:\"usesUniqueIds\";b:0;s:9:\"\0*\0hidden\";a:0:{}s:10:\"\0*\0visible\";a:0:{}s:11:\"\0*\0fillable\";a:10:{i:0;s:4:\"type\";i:1;s:5:\"title\";i:2;s:4:\"slug\";i:3;s:7:\"excerpt\";i:4;s:12:\"content_html\";i:5;s:9:\"embed_url\";i:6;s:8:\"media_id\";i:7;s:12:\"is_published\";i:8;s:12:\"published_at\";i:9;s:9:\"meta_json\";}s:10:\"\0*\0guarded\";a:1:{i:0;s:1:\"*\";}}i:5;O:15:\"App\\Models\\Post\":33:{s:13:\"\0*\0connection\";s:5:\"mysql\";s:8:\"\0*\0table\";s:5:\"posts\";s:13:\"\0*\0primaryKey\";s:2:\"id\";s:10:\"\0*\0keyType\";s:3:\"int\";s:12:\"incrementing\";b:1;s:7:\"\0*\0with\";a:0:{}s:12:\"\0*\0withCount\";a:0:{}s:19:\"preventsLazyLoading\";b:0;s:10:\"\0*\0perPage\";i:15;s:6:\"exists\";b:1;s:18:\"wasRecentlyCreated\";b:0;s:28:\"\0*\0escapeWhenCastingToString\";b:0;s:13:\"\0*\0attributes\";a:13:{s:2:\"id\";i:17;s:4:\"type\";s:7:\"webinar\";s:5:\"title\";s:53:\"Takaful Hi-5: Penyakit Kritikal dan Inflasi Perubatan\";s:4:\"slug\";s:53:\"-takaful-hi-5-penyakit-kritikal-dan-inflasi-perubatan\";s:7:\"excerpt\";s:41:\"Dr Wawa from Great Eastern Takaful Berhad\";s:12:\"content_html\";s:48:\"<p>Dr Wawa from Great Eastern Takaful Berhad</p>\";s:9:\"embed_url\";s:41:\"https://www.youtube.com/embed/vYJzA5aRg8U\";s:8:\"media_id\";i:19;s:12:\"is_published\";i:1;s:12:\"published_at\";s:19:\"2026-02-24 14:07:00\";s:9:\"meta_json\";N;s:10:\"created_at\";s:19:\"2026-02-24 15:46:05\";s:10:\"updated_at\";s:19:\"2026-02-24 15:46:05\";}s:11:\"\0*\0original\";a:13:{s:2:\"id\";i:17;s:4:\"type\";s:7:\"webinar\";s:5:\"title\";s:53:\"Takaful Hi-5: Penyakit Kritikal dan Inflasi Perubatan\";s:4:\"slug\";s:53:\"-takaful-hi-5-penyakit-kritikal-dan-inflasi-perubatan\";s:7:\"excerpt\";s:41:\"Dr Wawa from Great Eastern Takaful Berhad\";s:12:\"content_html\";s:48:\"<p>Dr Wawa from Great Eastern Takaful Berhad</p>\";s:9:\"embed_url\";s:41:\"https://www.youtube.com/embed/vYJzA5aRg8U\";s:8:\"media_id\";i:19;s:12:\"is_published\";i:1;s:12:\"published_at\";s:19:\"2026-02-24 14:07:00\";s:9:\"meta_json\";N;s:10:\"created_at\";s:19:\"2026-02-24 15:46:05\";s:10:\"updated_at\";s:19:\"2026-02-24 15:46:05\";}s:10:\"\0*\0changes\";a:0:{}s:11:\"\0*\0previous\";a:0:{}s:8:\"\0*\0casts\";a:3:{s:12:\"published_at\";s:8:\"datetime\";s:12:\"is_published\";s:7:\"boolean\";s:9:\"meta_json\";s:5:\"array\";}s:17:\"\0*\0classCastCache\";a:0:{}s:21:\"\0*\0attributeCastCache\";a:0:{}s:13:\"\0*\0dateFormat\";N;s:10:\"\0*\0appends\";a:0:{}s:19:\"\0*\0dispatchesEvents\";a:0:{}s:14:\"\0*\0observables\";a:0:{}s:12:\"\0*\0relations\";a:1:{s:5:\"media\";O:16:\"App\\Models\\Media\":33:{s:13:\"\0*\0connection\";s:5:\"mysql\";s:8:\"\0*\0table\";s:5:\"media\";s:13:\"\0*\0primaryKey\";s:2:\"id\";s:10:\"\0*\0keyType\";s:3:\"int\";s:12:\"incrementing\";b:1;s:7:\"\0*\0with\";a:0:{}s:12:\"\0*\0withCount\";a:0:{}s:19:\"preventsLazyLoading\";b:0;s:10:\"\0*\0perPage\";i:15;s:6:\"exists\";b:1;s:18:\"wasRecentlyCreated\";b:0;s:28:\"\0*\0escapeWhenCastingToString\";b:0;s:13:\"\0*\0attributes\";a:13:{s:2:\"id\";i:19;s:4:\"disk\";s:6:\"public\";s:4:\"path\";s:54:\"media/2026/02/1b79fcdd-f8a9-42cc-938d-a80e395c2e34.jpg\";s:14:\"thumbnail_path\";N;s:3:\"url\";s:63:\"/storage/media/2026/02/1b79fcdd-f8a9-42cc-938d-a80e395c2e34.jpg\";s:3:\"alt\";N;s:5:\"title\";s:17:\"youtube-thumbnail\";s:4:\"mime\";s:10:\"image/jpeg\";s:4:\"size\";i:62164;s:5:\"width\";i:1280;s:6:\"height\";i:720;s:10:\"created_at\";s:19:\"2026-02-24 15:45:54\";s:10:\"updated_at\";s:19:\"2026-02-24 15:45:54\";}s:11:\"\0*\0original\";a:13:{s:2:\"id\";i:19;s:4:\"disk\";s:6:\"public\";s:4:\"path\";s:54:\"media/2026/02/1b79fcdd-f8a9-42cc-938d-a80e395c2e34.jpg\";s:14:\"thumbnail_path\";N;s:3:\"url\";s:63:\"/storage/media/2026/02/1b79fcdd-f8a9-42cc-938d-a80e395c2e34.jpg\";s:3:\"alt\";N;s:5:\"title\";s:17:\"youtube-thumbnail\";s:4:\"mime\";s:10:\"image/jpeg\";s:4:\"size\";i:62164;s:5:\"width\";i:1280;s:6:\"height\";i:720;s:10:\"created_at\";s:19:\"2026-02-24 15:45:54\";s:10:\"updated_at\";s:19:\"2026-02-24 15:45:54\";}s:10:\"\0*\0changes\";a:0:{}s:11:\"\0*\0previous\";a:0:{}s:8:\"\0*\0casts\";a:3:{s:4:\"size\";s:7:\"integer\";s:5:\"width\";s:7:\"integer\";s:6:\"height\";s:7:\"integer\";}s:17:\"\0*\0classCastCache\";a:0:{}s:21:\"\0*\0attributeCastCache\";a:0:{}s:13:\"\0*\0dateFormat\";N;s:10:\"\0*\0appends\";a:1:{i:0;s:13:\"thumbnail_url\";}s:19:\"\0*\0dispatchesEvents\";a:0:{}s:14:\"\0*\0observables\";a:0:{}s:12:\"\0*\0relations\";a:0:{}s:10:\"\0*\0touches\";a:0:{}s:27:\"\0*\0relationAutoloadCallback\";N;s:26:\"\0*\0relationAutoloadContext\";N;s:10:\"timestamps\";b:1;s:13:\"usesUniqueIds\";b:0;s:9:\"\0*\0hidden\";a:0:{}s:10:\"\0*\0visible\";a:0:{}s:11:\"\0*\0fillable\";a:10:{i:0;s:4:\"disk\";i:1;s:4:\"path\";i:2;s:14:\"thumbnail_path\";i:3;s:3:\"url\";i:4;s:3:\"alt\";i:5;s:5:\"title\";i:6;s:4:\"mime\";i:7;s:4:\"size\";i:8;s:5:\"width\";i:9;s:6:\"height\";}s:10:\"\0*\0guarded\";a:1:{i:0;s:1:\"*\";}}}s:10:\"\0*\0touches\";a:0:{}s:27:\"\0*\0relationAutoloadCallback\";N;s:26:\"\0*\0relationAutoloadContext\";N;s:10:\"timestamps\";b:1;s:13:\"usesUniqueIds\";b:0;s:9:\"\0*\0hidden\";a:0:{}s:10:\"\0*\0visible\";a:0:{}s:11:\"\0*\0fillable\";a:10:{i:0;s:4:\"type\";i:1;s:5:\"title\";i:2;s:4:\"slug\";i:3;s:7:\"excerpt\";i:4;s:12:\"content_html\";i:5;s:9:\"embed_url\";i:6;s:8:\"media_id\";i:7;s:12:\"is_published\";i:8;s:12:\"published_at\";i:9;s:9:\"meta_json\";}s:10:\"\0*\0guarded\";a:1:{i:0;s:1:\"*\";}}}s:28:\"\0*\0escapeWhenCastingToString\";b:0;}',1776270579),('takaful-events-cache-settings.chipin','a:7:{s:10:\"secret_key\";s:88:\"22m76j7rhINxqYXv9zVknTFvUqGd_dwLDsm7j9aaaJ43pNjzMr7rsx5mv1gMaDAQwcyGIUe0HqI0MWufgHzoDw==\";s:8:\"brand_id\";s:36:\"fe5d1aab-f898-414a-9dee-2aa8990f1eb9\";s:14:\"webhook_secret\";N;s:16:\"success_redirect\";N;s:16:\"failure_redirect\";N;s:12:\"send_receipt\";s:1:\"0\";s:12:\"is_test_mode\";s:1:\"0\";}',1776264476),('takaful-events-cache-settings.general','a:6:{s:9:\"site_name\";N;s:9:\"site_logo\";N;s:11:\"footer_text\";N;s:13:\"contact_email\";N;s:13:\"contact_phone\";N;s:17:\"slideshow_enabled\";s:1:\"0\";}',1776273826);
/*!40000 ALTER TABLE `cache` ENABLE KEYS */;
UNLOCK TABLES;

--
-- Table structure for table `cache_locks`
--

DROP TABLE IF EXISTS `cache_locks`;
/*!40101 SET @saved_cs_client     = @@character_set_client */;
/*!40101 SET character_set_client = utf8 */;
CREATE TABLE `cache_locks` (
  `key` varchar(255) NOT NULL,
  `owner` varchar(255) NOT NULL,
  `expiration` int(11) NOT NULL,
  PRIMARY KEY (`key`),
  KEY `cache_locks_expiration_index` (`expiration`)
) ENGINE=InnoDB DEFAULT CHARSET=utf8mb4 COLLATE=utf8mb4_unicode_ci;
/*!40101 SET character_set_client = @saved_cs_client */;

--
-- Dumping data for table `cache_locks`
--

LOCK TABLES `cache_locks` WRITE;
/*!40000 ALTER TABLE `cache_locks` DISABLE KEYS */;
/*!40000 ALTER TABLE `cache_locks` ENABLE KEYS */;
UNLOCK TABLES;

--
-- Table structure for table `event_products`
--

DROP TABLE IF EXISTS `event_products`;
/*!40101 SET @saved_cs_client     = @@character_set_client */;
/*!40101 SET character_set_client = utf8 */;
CREATE TABLE `event_products` (
  `id` bigint(20) unsigned NOT NULL AUTO_INCREMENT,
  `event_id` bigint(20) unsigned NOT NULL,
  `name` varchar(255) NOT NULL,
  `description` text DEFAULT NULL,
  `price` decimal(10,2) NOT NULL DEFAULT 0.00,
  `currency` varchar(10) NOT NULL DEFAULT 'MYR',
  `variants_json` longtext CHARACTER SET utf8mb4 COLLATE utf8mb4_bin DEFAULT NULL CHECK (json_valid(`variants_json`)),
  `stock` int(10) unsigned DEFAULT NULL,
  `media_id` bigint(20) unsigned DEFAULT NULL,
  `is_active` tinyint(1) NOT NULL DEFAULT 1,
  `sort_order` int(10) unsigned NOT NULL DEFAULT 0,
  `created_at` timestamp NULL DEFAULT NULL,
  `updated_at` timestamp NULL DEFAULT NULL,
  PRIMARY KEY (`id`),
  KEY `event_products_media_id_foreign` (`media_id`),
  KEY `event_products_event_id_index` (`event_id`),
  KEY `event_products_is_active_index` (`is_active`),
  CONSTRAINT `event_products_event_id_foreign` FOREIGN KEY (`event_id`) REFERENCES `events` (`id`) ON DELETE CASCADE,
  CONSTRAINT `event_products_media_id_foreign` FOREIGN KEY (`media_id`) REFERENCES `media` (`id`) ON DELETE SET NULL
) ENGINE=InnoDB AUTO_INCREMENT=6 DEFAULT CHARSET=utf8mb4 COLLATE=utf8mb4_unicode_ci;
/*!40101 SET character_set_client = @saved_cs_client */;

--
-- Dumping data for table `event_products`
--

LOCK TABLES `event_products` WRITE;
/*!40000 ALTER TABLE `event_products` DISABLE KEYS */;
INSERT INTO `event_products` VALUES (1,1,'Official Event T-Shirt','Premium cotton t-shirt with event logo',45.00,'MYR','[{\"label\":\"Size\",\"options\":[\"S\",\"M\",\"L\",\"XL\",\"XXL\"]}]',200,NULL,1,0,'2026-02-26 07:45:20','2026-02-26 07:45:20'),(2,1,'Conference Tote Bag','Eco-friendly canvas tote bag with event branding',25.00,'MYR',NULL,150,NULL,1,1,'2026-02-26 07:45:20','2026-02-26 07:45:20'),(3,1,'Takaful Hoodie','Zip-up hoodie with MTA logo',85.00,'MYR','[{\"label\":\"Size\",\"options\":[\"S\",\"M\",\"L\",\"XL\"]},{\"label\":\"Color\",\"options\":[\"Navy\",\"White\"]}]',100,NULL,1,2,'2026-02-26 07:45:20','2026-02-26 07:45:20'),(4,6,'Tshirt',NULL,90.00,'MYR','[{\"label\":\"Size\",\"options\":[\"S\",\"M\",\"L\"]}]',190,32,1,0,'2026-02-26 08:09:54','2026-02-26 08:09:54'),(5,8,'TSHIRT',NULL,59.90,'MYR','[{\"label\":\"Size\",\"options\":[\"S\",\"M\",\"L\",\"XL\"]}]',NULL,35,1,0,'2026-04-15 06:28:27','2026-04-15 06:28:27');
/*!40000 ALTER TABLE `event_products` ENABLE KEYS */;
UNLOCK TABLES;

--
-- Table structure for table `event_registration_products`
--

DROP TABLE IF EXISTS `event_registration_products`;
/*!40101 SET @saved_cs_client     = @@character_set_client */;
/*!40101 SET character_set_client = utf8 */;
CREATE TABLE `event_registration_products` (
  `id` bigint(20) unsigned NOT NULL AUTO_INCREMENT,
  `registration_id` bigint(20) unsigned NOT NULL,
  `product_id` bigint(20) unsigned NOT NULL,
  `variant` varchar(255) DEFAULT NULL,
  `quantity` int(10) unsigned NOT NULL DEFAULT 1,
  `unit_price` decimal(10,2) NOT NULL DEFAULT 0.00,
  `created_at` timestamp NULL DEFAULT NULL,
  `updated_at` timestamp NULL DEFAULT NULL,
  PRIMARY KEY (`id`),
  KEY `event_registration_products_registration_id_index` (`registration_id`),
  KEY `event_registration_products_product_id_index` (`product_id`),
  CONSTRAINT `event_registration_products_product_id_foreign` FOREIGN KEY (`product_id`) REFERENCES `event_products` (`id`) ON DELETE CASCADE,
  CONSTRAINT `event_registration_products_registration_id_foreign` FOREIGN KEY (`registration_id`) REFERENCES `event_registrations` (`id`) ON DELETE CASCADE
) ENGINE=InnoDB AUTO_INCREMENT=4 DEFAULT CHARSET=utf8mb4 COLLATE=utf8mb4_unicode_ci;
/*!40101 SET character_set_client = @saved_cs_client */;

--
-- Dumping data for table `event_registration_products`
--

LOCK TABLES `event_registration_products` WRITE;
/*!40000 ALTER TABLE `event_registration_products` DISABLE KEYS */;
INSERT INTO `event_registration_products` VALUES (1,6,1,'L',1,45.00,'2026-02-26 09:21:21','2026-02-26 09:21:21'),(2,6,2,NULL,1,25.00,'2026-02-26 09:21:21','2026-02-26 09:21:21'),(3,19,5,'L',2,59.90,'2026-04-15 06:29:11','2026-04-15 06:29:11');
/*!40000 ALTER TABLE `event_registration_products` ENABLE KEYS */;
UNLOCK TABLES;

--
-- Table structure for table `event_registrations`
--

DROP TABLE IF EXISTS `event_registrations`;
/*!40101 SET @saved_cs_client     = @@character_set_client */;
/*!40101 SET character_set_client = utf8 */;
CREATE TABLE `event_registrations` (
  `id` bigint(20) unsigned NOT NULL AUTO_INCREMENT,
  `user_id` bigint(20) unsigned DEFAULT NULL,
  `event_id` bigint(20) unsigned NOT NULL,
  `ticket_id` bigint(20) unsigned NOT NULL,
  `reference_no` varchar(20) NOT NULL,
  `name` varchar(255) NOT NULL,
  `email` varchar(255) NOT NULL,
  `phone` varchar(30) DEFAULT NULL,
  `company` varchar(255) DEFAULT NULL,
  `job_title` varchar(255) DEFAULT NULL,
  `dietary_requirements` varchar(255) DEFAULT NULL,
  `status` enum('pending','confirmed','cancelled','waitlisted','attended') NOT NULL DEFAULT 'pending',
  `quantity` int(10) unsigned NOT NULL DEFAULT 1,
  `subtotal` decimal(10,2) NOT NULL DEFAULT 0.00,
  `discount_amount` decimal(10,2) NOT NULL DEFAULT 0.00,
  `products_total` decimal(10,2) NOT NULL DEFAULT 0.00,
  `total_amount` decimal(10,2) NOT NULL DEFAULT 0.00,
  `payment_status` enum('na','pending','paid','refunded') NOT NULL DEFAULT 'na',
  `payment_method` varchar(255) DEFAULT NULL,
  `payment_reference` varchar(255) DEFAULT NULL,
  `notes` text DEFAULT NULL,
  `checked_in_at` datetime DEFAULT NULL,
  `meta_json` longtext CHARACTER SET utf8mb4 COLLATE utf8mb4_bin DEFAULT NULL CHECK (json_valid(`meta_json`)),
  `created_at` timestamp NULL DEFAULT NULL,
  `updated_at` timestamp NULL DEFAULT NULL,
  PRIMARY KEY (`id`),
  UNIQUE KEY `event_registrations_reference_no_unique` (`reference_no`),
  KEY `event_registrations_event_id_index` (`event_id`),
  KEY `event_registrations_ticket_id_index` (`ticket_id`),
  KEY `event_registrations_reference_no_index` (`reference_no`),
  KEY `event_registrations_email_index` (`email`),
  KEY `event_registrations_status_index` (`status`),
  KEY `event_registrations_user_id_foreign` (`user_id`),
  CONSTRAINT `event_registrations_event_id_foreign` FOREIGN KEY (`event_id`) REFERENCES `events` (`id`) ON DELETE CASCADE,
  CONSTRAINT `event_registrations_ticket_id_foreign` FOREIGN KEY (`ticket_id`) REFERENCES `event_tickets` (`id`) ON DELETE CASCADE,
  CONSTRAINT `event_registrations_user_id_foreign` FOREIGN KEY (`user_id`) REFERENCES `users` (`id`) ON DELETE SET NULL
) ENGINE=InnoDB AUTO_INCREMENT=20 DEFAULT CHARSET=utf8mb4 COLLATE=utf8mb4_unicode_ci;
/*!40101 SET character_set_client = @saved_cs_client */;

--
-- Dumping data for table `event_registrations`
--

LOCK TABLES `event_registrations` WRITE;
/*!40000 ALTER TABLE `event_registrations` DISABLE KEYS */;
INSERT INTO `event_registrations` VALUES (1,NULL,1,2,'EVT-20260226-BFJW','Ahmad bin Ibrahim','ahmad@example.com','+60 12-851 2721','Takaful Malaysia','Senior Manager',NULL,'confirmed',1,250.00,0.00,0.00,250.00,'paid',NULL,NULL,NULL,NULL,NULL,'2026-02-26 07:45:20','2026-02-26 09:49:03'),(2,NULL,1,3,'EVT-20260226-CE1L','Siti Nurhaliza','siti@example.com','+60 12-243 4648','Etiqa Takaful','VP Operations',NULL,'confirmed',1,500.00,0.00,0.00,500.00,'paid',NULL,NULL,NULL,NULL,NULL,'2026-02-26 07:45:20','2026-02-26 09:49:03'),(3,NULL,1,1,'EVT-20260226-Q2DY','Raj Kumar','raj@example.com','+60 12-430 5173','AIA PUBLIC Takaful','Agent',NULL,'confirmed',1,150.00,0.00,0.00,150.00,'paid',NULL,NULL,NULL,NULL,NULL,'2026-02-26 07:45:20','2026-02-26 09:49:03'),(4,NULL,1,2,'EVT-20260226-6DCI','Fatimah binti Hassan','fatimah@example.com','+60 12-959 6951','Zurich Takaful','Director',NULL,'cancelled',1,250.00,0.00,0.00,250.00,'paid',NULL,NULL,NULL,'2026-02-26 15:51:07',NULL,'2026-02-26 07:45:20','2026-04-12 06:21:00'),(5,NULL,1,4,'EVT-20260226-XKRG','Lee Wei Ming','weiming@example.com','+60 12-699 5742','FWD Takaful','Consultant',NULL,'attended',1,0.00,0.00,0.00,0.00,'na',NULL,NULL,NULL,'2026-04-12 14:20:41',NULL,'2026-02-26 07:45:20','2026-04-12 06:20:41'),(6,NULL,1,3,'EVT-20260226-S6Q7','Aiman Razak','user@takaful.com','+60 12-345 6789','Takaful Ikhlas','Product Manager','No pork, no lard','confirmed',5,2500.00,0.00,70.00,2570.00,'paid','FPX','FPX-20260226-V40573',NULL,NULL,'{\"attendees\":[{\"name\":\"Nurul Aisyah binti Kamal\",\"email\":\"nurul.aisyah@takaful-ikhlas.com.my\",\"phone\":\"+60 13-987 6543\",\"company\":\"Takaful Ikhlas\",\"job_title\":\"Underwriting Manager\",\"dietary_requirements\":\"\"},{\"name\":\"Muhammad Hafiz bin Osman\",\"email\":\"hafiz.osman@takaful-ikhlas.com.my\",\"phone\":\"+60 11-222 3344\",\"company\":\"Takaful Ikhlas\",\"job_title\":\"Senior Actuary\",\"dietary_requirements\":\"Vegetarian\"},{\"name\":\"Siti Mariam binti Abdullah\",\"email\":\"mariam.abdullah@takaful-ikhlas.com.my\",\"phone\":\"+60 12-555 6677\",\"company\":\"Takaful Ikhlas\",\"job_title\":\"Head of Marketing\",\"dietary_requirements\":\"\"},{\"name\":\"Tan Wei Liang\",\"email\":\"weiliang.tan@takaful-ikhlas.com.my\",\"phone\":\"+60 16-888 9900\",\"company\":\"Takaful Ikhlas\",\"job_title\":\"IT Director\",\"dietary_requirements\":\"No seafood\"}]}','2026-02-26 09:21:21','2026-02-26 09:49:03'),(7,NULL,8,6,'EVT-20260226-PDA5','Aiman Razak','user@takaful.com','+60 12-345 6789','Takaful Ikhlas','Product Manager',NULL,'cancelled',2,400.00,0.00,0.00,400.00,'pending','Card',NULL,NULL,NULL,NULL,'2026-02-26 09:21:21','2026-04-12 06:20:53'),(8,NULL,9,8,'EVT-20260226-4CZ7','Aiman Razak','user@takaful.com','+60 12-345 6789','Takaful Ikhlas',NULL,NULL,'attended',1,0.00,0.00,0.00,0.00,'na',NULL,NULL,NULL,'2025-11-18 18:21:21',NULL,'2026-02-26 09:21:21','2026-02-26 09:21:21'),(9,NULL,10,9,'EVT-20260226-9MRG','Aiman Razak','user@takaful.com','+60 12-345 6789','Takaful Ikhlas','Product Manager',NULL,'attended',1,350.00,0.00,0.00,350.00,'paid','FPX','FPX-20250811-D23423',NULL,'2025-08-10 17:51:21',NULL,'2026-02-26 09:21:21','2026-02-26 09:49:03'),(10,NULL,6,5,'EVT-20260226-QJAD','faizal','faizalhain@gmail.com','0102206406','uitm',NULL,NULL,'attended',1,150.00,0.00,0.00,150.00,'pending',NULL,NULL,NULL,'2026-04-12 14:20:34',NULL,'2026-02-26 10:27:24','2026-04-12 06:20:34'),(11,1,8,6,'EVT-20260415-GSQB','faizal','faizalhain@gmail.com',NULL,NULL,NULL,NULL,'pending',1,200.00,0.00,0.00,200.00,'pending',NULL,NULL,NULL,NULL,NULL,'2026-04-15 05:47:56','2026-04-15 05:47:56'),(12,1,8,6,'EVT-20260415-V97L','faizal','faizalhain@gmail.com',NULL,NULL,NULL,NULL,'pending',1,200.00,0.00,0.00,200.00,'pending',NULL,NULL,NULL,NULL,NULL,'2026-04-15 05:49:00','2026-04-15 05:49:00'),(13,1,8,7,'EVT-20260415-5VYN','faizal','faizalhain@gmail.com','0102206406',NULL,NULL,NULL,'pending',1,50.00,0.00,0.00,50.00,'pending','chipin','580a39ef-6a6d-421b-89cf-f7c52b4e8d39',NULL,NULL,'{\"chipin_purchase_id\":\"580a39ef-6a6d-421b-89cf-f7c52b4e8d39\"}','2026-04-15 05:55:11','2026-04-15 05:55:11'),(14,1,8,7,'EVT-20260415-OGUK','faizal','faizalhain@gmail.com','0102206406','ltsb',NULL,NULL,'pending',1,50.00,0.00,0.00,50.00,'pending','chipin','902938cf-0a27-46fe-a5fe-5e2903a85959',NULL,NULL,'{\"chipin_purchase_id\":\"902938cf-0a27-46fe-a5fe-5e2903a85959\"}','2026-04-15 06:03:25','2026-04-15 06:03:26'),(15,1,8,6,'EVT-20260415-TM0S','faizal','faizalhain@gmail.com','0102206406','ltsb',NULL,NULL,'pending',1,200.00,0.00,0.00,200.00,'pending','chipin','0d924e44-4310-4ec5-b087-be91c8405956',NULL,NULL,'{\"chipin_purchase_id\":\"0d924e44-4310-4ec5-b087-be91c8405956\"}','2026-04-15 06:03:53','2026-04-15 06:03:53'),(16,1,8,7,'EVT-20260415-JRS2','faizal','faizalhain@gmail.com','0102206406','ltsb',NULL,NULL,'pending',1,50.00,0.00,0.00,50.00,'pending','chipin','9f862f1d-549a-4e74-b429-9b91bac2e41c',NULL,NULL,'{\"chipin_purchase_id\":\"9f862f1d-549a-4e74-b429-9b91bac2e41c\"}','2026-04-15 06:12:12','2026-04-15 06:12:13'),(17,1,8,7,'EVT-20260415-CAAA','faizal','faizalhain@gmail.com','0102206406','ltsb',NULL,NULL,'pending',1,50.00,0.00,0.00,50.00,'pending','chipin','6669333b-9b9b-41c6-a215-da273428305c',NULL,NULL,'{\"chipin_purchase_id\":\"6669333b-9b9b-41c6-a215-da273428305c\"}','2026-04-15 06:13:39','2026-04-15 06:13:39'),(18,1,8,6,'EVT-20260415-WE8O','admin','faizalhain@gmail.com','0102206406','ltsb',NULL,NULL,'pending',1,200.00,0.00,0.00,200.00,'pending','chipin','e5ef5c6b-daed-40c0-b593-6a9022d2b663',NULL,NULL,'{\"chipin_purchase_id\":\"e5ef5c6b-daed-40c0-b593-6a9022d2b663\"}','2026-04-15 06:14:36','2026-04-15 06:14:37'),(19,1,8,7,'EVT-20260415-TDX5','faizal','faizalhain@gmail.com','0102206406','LTSB',NULL,NULL,'pending',1,50.00,0.00,119.80,169.80,'pending','chipin','c56d25eb-cdab-4d64-96da-5f573827a32f',NULL,NULL,'{\"chipin_purchase_id\":\"c56d25eb-cdab-4d64-96da-5f573827a32f\"}','2026-04-15 06:29:11','2026-04-15 06:29:12');
/*!40000 ALTER TABLE `event_registrations` ENABLE KEYS */;
UNLOCK TABLES;

--
-- Table structure for table `event_tickets`
--

DROP TABLE IF EXISTS `event_tickets`;
/*!40101 SET @saved_cs_client     = @@character_set_client */;
/*!40101 SET character_set_client = utf8 */;
CREATE TABLE `event_tickets` (
  `id` bigint(20) unsigned NOT NULL AUTO_INCREMENT,
  `event_id` bigint(20) unsigned NOT NULL,
  `event_zone_id` bigint(20) unsigned DEFAULT NULL,
  `name` varchar(255) NOT NULL,
  `color` varchar(7) DEFAULT NULL,
  `description` text DEFAULT NULL,
  `type` enum('free','paid') NOT NULL DEFAULT 'free',
  `price` decimal(10,2) NOT NULL DEFAULT 0.00,
  `early_bird_price` decimal(10,2) DEFAULT NULL,
  `early_bird_end_at` timestamp NULL DEFAULT NULL,
  `currency` varchar(10) NOT NULL DEFAULT 'MYR',
  `quantity` int(10) unsigned DEFAULT NULL,
  `max_per_order` int(10) unsigned NOT NULL DEFAULT 5,
  `sale_start_at` datetime DEFAULT NULL,
  `sale_end_at` datetime DEFAULT NULL,
  `is_active` tinyint(1) NOT NULL DEFAULT 1,
  `sort_order` int(10) unsigned NOT NULL DEFAULT 0,
  `created_at` timestamp NULL DEFAULT NULL,
  `updated_at` timestamp NULL DEFAULT NULL,
  PRIMARY KEY (`id`),
  KEY `event_tickets_event_id_index` (`event_id`),
  KEY `event_tickets_is_active_index` (`is_active`),
  KEY `event_tickets_event_zone_id_foreign` (`event_zone_id`),
  CONSTRAINT `event_tickets_event_id_foreign` FOREIGN KEY (`event_id`) REFERENCES `events` (`id`) ON DELETE CASCADE,
  CONSTRAINT `event_tickets_event_zone_id_foreign` FOREIGN KEY (`event_zone_id`) REFERENCES `event_zones` (`id`) ON DELETE SET NULL
) ENGINE=InnoDB AUTO_INCREMENT=10 DEFAULT CHARSET=utf8mb4 COLLATE=utf8mb4_unicode_ci;
/*!40101 SET character_set_client = @saved_cs_client */;

--
-- Dumping data for table `event_tickets`
--

LOCK TABLES `event_tickets` WRITE;
/*!40000 ALTER TABLE `event_tickets` DISABLE KEYS */;
INSERT INTO `event_tickets` VALUES (1,1,NULL,'Early Bird',NULL,'Limited early bird pricing — includes lunch and conference materials','paid',150.00,NULL,NULL,'MYR',100,5,NULL,'2025-10-18 12:14:00',1,0,'2026-02-26 07:45:20','2026-02-26 07:45:20'),(2,1,NULL,'Standard',NULL,'Standard admission — includes lunch and conference materials','paid',250.00,NULL,NULL,'MYR',300,10,NULL,NULL,1,1,'2026-02-26 07:45:20','2026-02-26 07:45:20'),(3,1,NULL,'VIP',NULL,'Front row seating, VIP lounge access, networking dinner, and exclusive swag bag','paid',500.00,NULL,NULL,'MYR',50,3,NULL,NULL,1,2,'2026-02-26 07:45:20','2026-02-26 07:45:20'),(4,1,NULL,'Online Stream (Free)',NULL,'Watch the live stream from anywhere — no physical access','free',0.00,NULL,NULL,'MYR',NULL,1,NULL,NULL,1,3,'2026-02-26 07:45:20','2026-02-26 07:45:20'),(5,6,NULL,'Early Bird',NULL,NULL,'paid',150.00,NULL,NULL,'MYR',NULL,5,NULL,NULL,1,0,'2026-02-26 08:06:29','2026-02-26 08:06:29'),(6,8,NULL,'General Admission','#ee0302','Full-day access to all sessions','paid',200.00,NULL,NULL,'MYR',300,5,NULL,NULL,1,0,'2026-02-26 09:21:21','2026-04-11 23:14:05'),(7,8,NULL,'Student','#eee900','Discounted rate for students with valid student ID','paid',80.00,50.00,'2026-04-24 04:00:00','MYR',100,1,NULL,NULL,1,1,'2026-02-26 09:21:21','2026-04-11 23:14:41'),(8,9,NULL,'Free Admission',NULL,NULL,'free',0.00,NULL,NULL,'MYR',NULL,5,NULL,NULL,1,0,'2026-02-26 09:21:21','2026-02-26 09:21:21'),(9,10,NULL,'Dinner Seat',NULL,NULL,'paid',350.00,NULL,NULL,'MYR',200,10,NULL,NULL,1,0,'2026-02-26 09:21:21','2026-02-26 09:21:21');
/*!40000 ALTER TABLE `event_tickets` ENABLE KEYS */;
UNLOCK TABLES;

--
-- Table structure for table `event_zones`
--

DROP TABLE IF EXISTS `event_zones`;
/*!40101 SET @saved_cs_client     = @@character_set_client */;
/*!40101 SET character_set_client = utf8 */;
CREATE TABLE `event_zones` (
  `id` bigint(20) unsigned NOT NULL AUTO_INCREMENT,
  `event_id` bigint(20) unsigned NOT NULL,
  `name` varchar(255) NOT NULL,
  `description` text DEFAULT NULL,
  `color` varchar(7) NOT NULL DEFAULT '#6366f1',
  `label_color` varchar(7) NOT NULL DEFAULT '#ffffff',
  `perks` longtext CHARACTER SET utf8mb4 COLLATE utf8mb4_bin DEFAULT NULL CHECK (json_valid(`perks`)),
  `image_path` varchar(255) DEFAULT NULL,
  `capacity` int(10) unsigned DEFAULT NULL,
  `sort_order` int(10) unsigned NOT NULL DEFAULT 0,
  `created_at` timestamp NULL DEFAULT NULL,
  `updated_at` timestamp NULL DEFAULT NULL,
  PRIMARY KEY (`id`),
  KEY `event_zones_event_id_foreign` (`event_id`),
  CONSTRAINT `event_zones_event_id_foreign` FOREIGN KEY (`event_id`) REFERENCES `events` (`id`) ON DELETE CASCADE
) ENGINE=InnoDB DEFAULT CHARSET=utf8mb4 COLLATE=utf8mb4_unicode_ci;
/*!40101 SET character_set_client = @saved_cs_client */;

--
-- Dumping data for table `event_zones`
--

LOCK TABLES `event_zones` WRITE;
/*!40000 ALTER TABLE `event_zones` DISABLE KEYS */;
/*!40000 ALTER TABLE `event_zones` ENABLE KEYS */;
UNLOCK TABLES;

--
-- Table structure for table `events`
--

DROP TABLE IF EXISTS `events`;
/*!40101 SET @saved_cs_client     = @@character_set_client */;
/*!40101 SET character_set_client = utf8 */;
CREATE TABLE `events` (
  `id` bigint(20) unsigned NOT NULL AUTO_INCREMENT,
  `title` varchar(255) NOT NULL,
  `slug` varchar(255) NOT NULL,
  `excerpt` text DEFAULT NULL,
  `content_html` longtext DEFAULT NULL,
  `start_at` datetime NOT NULL,
  `end_at` datetime DEFAULT NULL,
  `venue` varchar(255) DEFAULT NULL,
  `city` varchar(100) DEFAULT NULL,
  `state` varchar(100) DEFAULT NULL,
  `country` varchar(100) NOT NULL DEFAULT 'Malaysia',
  `registration_url` varchar(500) DEFAULT NULL,
  `gdrive_link` varchar(500) DEFAULT NULL,
  `media_id` bigint(20) unsigned DEFAULT NULL,
  `venue_map_media_id` bigint(20) unsigned DEFAULT NULL,
  `is_published` tinyint(1) NOT NULL DEFAULT 0,
  `rsvp_enabled` tinyint(1) NOT NULL DEFAULT 0,
  `rsvp_deadline` datetime DEFAULT NULL,
  `max_attendees` int(10) unsigned DEFAULT NULL,
  `require_approval` tinyint(1) NOT NULL DEFAULT 0,
  `meta_json` longtext CHARACTER SET utf8mb4 COLLATE utf8mb4_bin DEFAULT NULL CHECK (json_valid(`meta_json`)),
  `created_at` timestamp NULL DEFAULT NULL,
  `updated_at` timestamp NULL DEFAULT NULL,
  PRIMARY KEY (`id`),
  UNIQUE KEY `events_slug_unique` (`slug`),
  KEY `events_media_id_foreign` (`media_id`),
  KEY `events_slug_index` (`slug`),
  KEY `events_is_published_index` (`is_published`),
  KEY `events_start_at_index` (`start_at`),
  KEY `events_venue_map_media_id_foreign` (`venue_map_media_id`),
  CONSTRAINT `events_media_id_foreign` FOREIGN KEY (`media_id`) REFERENCES `media` (`id`) ON DELETE SET NULL,
  CONSTRAINT `events_venue_map_media_id_foreign` FOREIGN KEY (`venue_map_media_id`) REFERENCES `media` (`id`) ON DELETE SET NULL
) ENGINE=InnoDB AUTO_INCREMENT=11 DEFAULT CHARSET=utf8mb4 COLLATE=utf8mb4_unicode_ci;
/*!40101 SET character_set_client = @saved_cs_client */;

--
-- Dumping data for table `events`
--

LOCK TABLES `events` WRITE;
/*!40000 ALTER TABLE `events` DISABLE KEYS */;
INSERT INTO `events` VALUES (1,'Takaful Leadership Summit 2025','takaful-leadership-summit-2025','The premier annual gathering of takaful industry leaders to discuss trends and innovations.','<img class=\"rounded-lg max-w-full my-4\" src=\"http://localhost:8000/storage/media/2026/02/abbb6a90-0dd9-43e9-861b-62665ae2561a.jpeg\"><p>The Takaful Leader &amp; Agent Summit (TLAS) 2025 is the OFFICIAL annual flagship event under the Takaful banner – a prestigious and purpose-driven gathering now entering its third year. Over the years, TLAS has evolved into the industry’s iconic platform for showcasing leadership excellence, fostering innovation, and celebrating achievements. It stands as the premium stage for networking, learning, and recognition, uniting the Takaful community in shaping the future of the industry.</p><p>This summit is not just a training or networking day – it is a mark of belonging to the elite core of the Takaful community. Attendees will gain exclusive access to top-tier speakers, MDRT achievers, and industry decision-makers, with crowd-pulling attractions designed to inspire, connect, and elevate careers.</p><p></p><p>The Takaful Leader &amp; Agent Summit (TLAS) 2025 is a strategic initiative under the Hijrah 27 transformation plan, designed to drive the Takaful industry towards greater innovation, leadership excellence, and sustainable impact. This summit serves as a key enabler of Hijrah 27’s objectives by providing a platform for industry professionals to develop their leadership skills, embrace digitalisation, and reinforce ethical and value-driven business practices.</p><p></p><p>TLAS 2025 will introduce new thematic directions, focusing on strengthening industry-wide collaboration, embracing technological advancements, and positioning Takaful as a sustainable and resilient financial solution. This proposal outlines the summit’s theme, objectives, programme structure, budget, and expected outcomes to ensure alignment with the long-term vision of Hijrah 27.</p>','2025-11-01 12:14:00','2025-11-01 12:14:00','Kuala Lumpur Convention Centre','Kuala Lumpur','Wilayah Persekutuan','Malaysia',NULL,NULL,3,NULL,1,1,'2025-10-29 12:14:00',500,0,NULL,'2026-02-24 04:14:37','2026-02-26 07:45:20'),(3,'Takaful4All Larian Hero Hijau','takaful4all-larian-hero-hijau',NULL,'','2024-12-15 12:14:00','2024-12-15 12:14:00','Taman Tugu','Kuala Lumpur',NULL,'Malaysia',NULL,NULL,29,NULL,1,0,NULL,NULL,0,NULL,'2026-02-24 04:14:37','2026-02-24 08:12:43'),(4,'Takaful4All Sustainability Day','takaful4all-sustainability-day','The Malaysian Takaful Association (MTA) is looking forward to meet you at the Takafu4Alll Sustainability Day 2024, themed “Protect, Care, Sustain”. This event is part of the Hijrah 27 Working Group 4 initiative which is championing the Takaful Industry’s ESG and Sustainability initiatives.','<p>The Malaysian Takaful Association (MTA) is looking forward to meet you at the <strong>Takafu4Alll Sustainability Day 2024</strong>, themed<strong>&nbsp;“Protect, Care, Sustain”</strong>. This event is part of the <strong>Hijrah 27 Working Group 4</strong>&nbsp;initiative which is championing the Takaful Industry’s ESG and Sustainability initiatives.&nbsp;</p><p>Our vision is simple but yet powerful: to inspire everyone, especially the younger generation, to adopt sustainable practices and environmental conservation in their daily lives. This fun-filled day promises something for everyone which will feature interactive and hands-on activities designed to connect everyone with nature whilst promoting good health, fostering a deeper understanding and commitment to sustainability.&nbsp;</p><p>Highlights of the events:</p><ul><li><p><strong>Larian Hero Hijau</strong>: A refreshing 5 kilo meter morning fun-run at perimeter of Taman Tugu to kickstart the day.</p></li><li><p><strong>Zero Waste Lifestyle Workshop</strong>: Learn practical steps toward sustainable living with Zero Waste Malaysia.</p></li><li><p><strong>Launch of Takaful4All Disaster Response Team</strong>: Witness the unveiling of this impactful initiative by Takaful Industry in expanding its Disaster Response Team – don’t miss the chance to register for the Takaful Disaster Taskforce, which is co-organized with Jabatan Bomba dan Penyelamat Malaysia.</p></li><li><p><strong>Sustainability Carnival</strong>: Engage in eco-friendly workshops, art, photography, and financial &amp; sustainability literacy activities.</p></li><li><p><strong>Folks Sport Activities:</strong>&nbsp;Relive your childhood memories through “Timbang Bulu Ayam” and “Musang Berjanggut” games to bring back the good old days</p></li><li><p><strong>Coloring Contest:</strong>&nbsp;Educating the children on preserving nature for sustainability&nbsp;</p></li><li><p><strong>Takaful Sustainability Booth:</strong>&nbsp;Showcase of Sustainability activities or Takaful Products by 15 Takaful Operators</p></li></ul><p>We would love for this event to be a day of fun, learning, and connection—not just for you but also for your teams, families, and friends. We kindly ask for your support in spreading the word by sharing this invitation across your organisation to ensure everyone has the opportunity to join us.</p>','2024-12-15 12:14:00','2024-12-15 17:14:00','Taman Tugu Nursery','Kuala Lumpur','Wilayah Persekutuan','Malaysia',NULL,NULL,30,NULL,1,0,NULL,NULL,0,NULL,'2026-02-24 04:14:37','2026-02-24 08:14:21'),(5,'Takaful4All Inter-TO Bowling Tournament','takaful4all-inter-to-bowling-tournament','This tournament is one of MTA’s initiatives to create a “Healthy Lifestyle” culture among its member companies through sportsmanship. In addition, through the organization of this sports tournament, it is also hoped to create sportsmanship among the takaful industry in addition to unearthing hidden talents.','<p>The objectives of the Bowling Tournament are:</p><ul><li><p>Strengthening the Healthy Lifestayle culture by organising events that encourage social interaction, enjoyment, and a sense of belonging among MTA member employees.</p></li><li><p>Creating opportunities for MTA member employees from different departments or levels of the organisation to connect and network in a casual and informal setting, potentially fostering cross-departmental collaboration and communication.</p></li><li><p>Encouraging friendly competition among MTA member companies, which can promote a sense of achievement and satisfaction as well as help develop a competitive spirit in a positive context</p></li></ul><p>This tournament is one of MTA’s initiatives to create a “Healthy Lifestyle” culture among its member companies through sportsmanship. In addition, through the organization of this sports tournament, it is also hoped to create sportsmanship among the takaful industry in addition to unearthing hidden talents.</p>','2024-06-01 14:02:00','2024-06-01 14:30:00','Sunway Pyramid',NULL,NULL,'Malaysia',NULL,NULL,31,NULL,1,0,NULL,NULL,0,NULL,'2026-02-24 08:16:10','2026-02-24 08:16:10'),(6,'Test Event','test-event','test-eventtest-eventtest-eventtest-event','<p>test-eventtest-eventtest-eventtest-event</p>','2026-04-24 08:00:00','2026-04-30 17:00:00','Sunway Pyramid',NULL,NULL,'Malaysia',NULL,NULL,NULL,NULL,1,1,'2026-03-26 00:00:00',190,0,NULL,'2026-02-26 08:05:37','2026-02-26 08:05:37'),(7,'Takaful Leadership Summit 2026','takaful-leadership-summit-2026','The premier annual gathering of takaful industry leaders to discuss trends and innovations.','<p>Join us for the <strong>Takaful Leadership Summit 2026</strong>, an exclusive conference bringing together CEOs, regulators, and innovators from across the global takaful industry.</p><p>This year\'s theme: <em>\"Resilience Through Innovation\"</em>.</p><h2>Key Topics</h2><ul><li>Digital transformation in takaful</li><li>Regulatory updates from BNM</li><li>Sustainable takaful products</li></ul>','2026-03-28 17:21:21','2026-03-29 17:21:21','Kuala Lumpur Convention Centre','Kuala Lumpur','Wilayah Persekutuan','Malaysia','https://events.takaful4all.org/register/summit-2026',NULL,NULL,NULL,1,0,NULL,NULL,0,NULL,'2026-02-26 09:21:21','2026-02-26 09:21:21'),(8,'Takaful Innovation Conference 2026','takaful-innovation-conference-2026','Exploring the future of InsurTech and takaful digital products.','<p>A full-day conference focused on <strong>digital innovation</strong> across the takaful value chain.</p>','2026-04-27 17:21:00','2026-04-28 01:21:00','Pullman Kuala Lumpur City Centre','Kuala Lumpur','Wilayah Persekutuan','Malaysia','https://events.takaful4all.org/register/innovation-2026',NULL,34,38,1,1,'2026-04-22 17:21:00',300,1,NULL,'2026-02-26 09:21:21','2026-04-15 07:54:06'),(9,'Takaful Awareness Week 2025','takaful-awareness-week-2025','A week-long initiative to educate the public about takaful benefits.','<p>Takaful Awareness Week 2025 brought together <strong>over 2,000 participants</strong> across Malaysia for workshops, seminars, and public outreach events.</p>','2025-11-18 17:21:21','2025-11-25 17:21:21','Various Locations Nationwide','Multiple Cities','Nationwide','Malaysia',NULL,NULL,NULL,NULL,1,0,NULL,NULL,0,NULL,'2026-02-26 09:21:21','2026-02-26 09:21:21'),(10,'MTA Annual Dinner & Awards 2025','mta-annual-dinner-awards-2025','Celebrating excellence and achievements in the Malaysian takaful industry.','<p>The <strong>MTA Annual Dinner & Awards 2025</strong> was a night to remember — celebrating the best of the takaful industry.</p>','2025-08-10 17:21:21','2025-08-10 22:21:21','Mandarin Oriental Kuala Lumpur','Kuala Lumpur','Wilayah Persekutuan','Malaysia',NULL,NULL,NULL,NULL,1,0,NULL,NULL,0,NULL,'2026-02-26 09:21:21','2026-02-26 09:21:21');
/*!40000 ALTER TABLE `events` ENABLE KEYS */;
UNLOCK TABLES;

--
-- Table structure for table `failed_jobs`
--

DROP TABLE IF EXISTS `failed_jobs`;
/*!40101 SET @saved_cs_client     = @@character_set_client */;
/*!40101 SET character_set_client = utf8 */;
CREATE TABLE `failed_jobs` (
  `id` bigint(20) unsigned NOT NULL AUTO_INCREMENT,
  `uuid` varchar(255) NOT NULL,
  `connection` text NOT NULL,
  `queue` text NOT NULL,
  `payload` longtext NOT NULL,
  `exception` longtext NOT NULL,
  `failed_at` timestamp NOT NULL DEFAULT current_timestamp(),
  PRIMARY KEY (`id`),
  UNIQUE KEY `failed_jobs_uuid_unique` (`uuid`)
) ENGINE=InnoDB DEFAULT CHARSET=utf8mb4 COLLATE=utf8mb4_unicode_ci;
/*!40101 SET character_set_client = @saved_cs_client */;

--
-- Dumping data for table `failed_jobs`
--

LOCK TABLES `failed_jobs` WRITE;
/*!40000 ALTER TABLE `failed_jobs` DISABLE KEYS */;
/*!40000 ALTER TABLE `failed_jobs` ENABLE KEYS */;
UNLOCK TABLES;

--
-- Table structure for table `invoices`
--

DROP TABLE IF EXISTS `invoices`;
/*!40101 SET @saved_cs_client     = @@character_set_client */;
/*!40101 SET character_set_client = utf8 */;
CREATE TABLE `invoices` (
  `id` bigint(20) unsigned NOT NULL AUTO_INCREMENT,
  `registration_id` bigint(20) unsigned NOT NULL,
  `user_id` bigint(20) unsigned DEFAULT NULL,
  `invoice_number` varchar(255) NOT NULL,
  `company_name` varchar(255) DEFAULT NULL,
  `company_registration_no` varchar(255) DEFAULT NULL,
  `subtotal` decimal(10,2) NOT NULL DEFAULT 0.00,
  `discount_amount` decimal(10,2) NOT NULL DEFAULT 0.00,
  `total_amount` decimal(10,2) NOT NULL DEFAULT 0.00,
  `issued_at` timestamp NOT NULL DEFAULT current_timestamp() ON UPDATE current_timestamp(),
  `pdf_path` varchar(255) DEFAULT NULL,
  `meta_json` longtext CHARACTER SET utf8mb4 COLLATE utf8mb4_bin DEFAULT NULL CHECK (json_valid(`meta_json`)),
  `created_at` timestamp NULL DEFAULT NULL,
  `updated_at` timestamp NULL DEFAULT NULL,
  PRIMARY KEY (`id`),
  UNIQUE KEY `invoices_invoice_number_unique` (`invoice_number`),
  KEY `invoices_registration_id_foreign` (`registration_id`),
  KEY `invoices_user_id_foreign` (`user_id`),
  CONSTRAINT `invoices_registration_id_foreign` FOREIGN KEY (`registration_id`) REFERENCES `event_registrations` (`id`) ON DELETE CASCADE,
  CONSTRAINT `invoices_user_id_foreign` FOREIGN KEY (`user_id`) REFERENCES `users` (`id`) ON DELETE SET NULL
) ENGINE=InnoDB DEFAULT CHARSET=utf8mb4 COLLATE=utf8mb4_unicode_ci;
/*!40101 SET character_set_client = @saved_cs_client */;

--
-- Dumping data for table `invoices`
--

LOCK TABLES `invoices` WRITE;
/*!40000 ALTER TABLE `invoices` DISABLE KEYS */;
/*!40000 ALTER TABLE `invoices` ENABLE KEYS */;
UNLOCK TABLES;

--
-- Table structure for table `job_batches`
--

DROP TABLE IF EXISTS `job_batches`;
/*!40101 SET @saved_cs_client     = @@character_set_client */;
/*!40101 SET character_set_client = utf8 */;
CREATE TABLE `job_batches` (
  `id` varchar(255) NOT NULL,
  `name` varchar(255) NOT NULL,
  `total_jobs` int(11) NOT NULL,
  `pending_jobs` int(11) NOT NULL,
  `failed_jobs` int(11) NOT NULL,
  `failed_job_ids` longtext NOT NULL,
  `options` mediumtext DEFAULT NULL,
  `cancelled_at` int(11) DEFAULT NULL,
  `created_at` int(11) NOT NULL,
  `finished_at` int(11) DEFAULT NULL,
  PRIMARY KEY (`id`)
) ENGINE=InnoDB DEFAULT CHARSET=utf8mb4 COLLATE=utf8mb4_unicode_ci;
/*!40101 SET character_set_client = @saved_cs_client */;

--
-- Dumping data for table `job_batches`
--

LOCK TABLES `job_batches` WRITE;
/*!40000 ALTER TABLE `job_batches` DISABLE KEYS */;
/*!40000 ALTER TABLE `job_batches` ENABLE KEYS */;
UNLOCK TABLES;

--
-- Table structure for table `jobs`
--

DROP TABLE IF EXISTS `jobs`;
/*!40101 SET @saved_cs_client     = @@character_set_client */;
/*!40101 SET character_set_client = utf8 */;
CREATE TABLE `jobs` (
  `id` bigint(20) unsigned NOT NULL AUTO_INCREMENT,
  `queue` varchar(255) NOT NULL,
  `payload` longtext NOT NULL,
  `attempts` tinyint(3) unsigned NOT NULL,
  `reserved_at` int(10) unsigned DEFAULT NULL,
  `available_at` int(10) unsigned NOT NULL,
  `created_at` int(10) unsigned NOT NULL,
  PRIMARY KEY (`id`),
  KEY `jobs_queue_index` (`queue`)
) ENGINE=InnoDB DEFAULT CHARSET=utf8mb4 COLLATE=utf8mb4_unicode_ci;
/*!40101 SET character_set_client = @saved_cs_client */;

--
-- Dumping data for table `jobs`
--

LOCK TABLES `jobs` WRITE;
/*!40000 ALTER TABLE `jobs` DISABLE KEYS */;
/*!40000 ALTER TABLE `jobs` ENABLE KEYS */;
UNLOCK TABLES;

--
-- Table structure for table `media`
--

DROP TABLE IF EXISTS `media`;
/*!40101 SET @saved_cs_client     = @@character_set_client */;
/*!40101 SET character_set_client = utf8 */;
CREATE TABLE `media` (
  `id` bigint(20) unsigned NOT NULL AUTO_INCREMENT,
  `disk` varchar(50) NOT NULL DEFAULT 'public',
  `path` varchar(500) NOT NULL,
  `thumbnail_path` varchar(255) DEFAULT NULL,
  `url` varchar(500) NOT NULL,
  `alt` varchar(255) DEFAULT NULL,
  `title` varchar(255) DEFAULT NULL,
  `mime` varchar(100) DEFAULT NULL,
  `size` bigint(20) DEFAULT NULL,
  `width` int(11) DEFAULT NULL,
  `height` int(11) DEFAULT NULL,
  `created_at` timestamp NULL DEFAULT NULL,
  `updated_at` timestamp NULL DEFAULT NULL,
  PRIMARY KEY (`id`)
) ENGINE=InnoDB AUTO_INCREMENT=39 DEFAULT CHARSET=utf8mb4 COLLATE=utf8mb4_unicode_ci;
/*!40101 SET character_set_client = @saved_cs_client */;

--
-- Dumping data for table `media`
--

LOCK TABLES `media` WRITE;
/*!40000 ALTER TABLE `media` DISABLE KEYS */;
INSERT INTO `media` VALUES (1,'public','media/2026/02/ce998cc6-ace7-49fb-9f74-2440d046bd4d.jpg',NULL,'/storage/media/2026/02/ce998cc6-ace7-49fb-9f74-2440d046bd4d.jpg',NULL,'poster-tlas25','image/jpeg',223055,1536,1094,'2026-02-24 06:49:02','2026-04-14 21:04:01'),(2,'public','media/2026/02/abbb6a90-0dd9-43e9-861b-62665ae2561a.jpg',NULL,'/storage/media/2026/02/abbb6a90-0dd9-43e9-861b-62665ae2561a.jpg',NULL,'tlas-tentative-600x831','image/jpeg',102414,600,831,'2026-02-24 06:49:14','2026-04-14 21:04:01'),(3,'public','media/2026/02/61d8909f-ddba-4464-89fa-b11926195fff.jpg',NULL,'/storage/media/2026/02/61d8909f-ddba-4464-89fa-b11926195fff.jpg',NULL,'poster-tlas25','image/jpeg',223055,1536,1094,'2026-02-24 06:49:27','2026-04-14 21:04:01'),(4,'public','media/2026/02/c135b5e4-e7ed-4884-8f7a-7e965f4eae5e.jpg',NULL,'/storage/media/2026/02/c135b5e4-e7ed-4884-8f7a-7e965f4eae5e.jpg',NULL,'podcast-3','image/jpeg',81213,1024,780,'2026-02-24 07:14:43','2026-04-14 21:04:01'),(5,'public','media/2026/02/60a98aa8-ef56-409c-88da-3890a920c4ea.jpg',NULL,'/storage/media/2026/02/60a98aa8-ef56-409c-88da-3890a920c4ea.jpg',NULL,'podcast-2','image/jpeg',90707,768,644,'2026-02-24 07:18:32','2026-04-14 21:04:01'),(6,'public','media/2026/02/e590e844-2063-4e8e-8258-9a28ba7b9a28.jpg',NULL,'/storage/media/2026/02/e590e844-2063-4e8e-8258-9a28ba7b9a28.jpg',NULL,'podcast-1','image/jpeg',177363,1536,862,'2026-02-24 07:19:10','2026-04-14 21:04:01'),(7,'public','media/2026/02/00471db2-f5c1-400b-9037-b7b57669c58b.jpg',NULL,'/storage/media/2026/02/00471db2-f5c1-400b-9037-b7b57669c58b.jpg',NULL,'youtube-thumbnail','image/jpeg',46243,1280,720,'2026-02-24 07:35:48','2026-02-24 07:35:48'),(8,'public','media/2026/02/f5f9da4a-c6b9-4fc0-9003-ab0aed2fb1a8.jpg',NULL,'/storage/media/2026/02/f5f9da4a-c6b9-4fc0-9003-ab0aed2fb1a8.jpg',NULL,'youtube-thumbnail','image/jpeg',72229,1280,720,'2026-02-24 07:36:40','2026-02-24 07:36:40'),(9,'public','media/2026/02/958c4c8e-4e87-4e6a-99b1-c7245b47b3bf.jpg',NULL,'/storage/media/2026/02/958c4c8e-4e87-4e6a-99b1-c7245b47b3bf.jpg',NULL,'youtube-thumbnail','image/jpeg',118012,1280,720,'2026-02-24 07:37:56','2026-02-24 07:37:56'),(10,'public','media/2026/02/77f35ba4-4baa-4ca1-8ca7-0962426fcd73.jpg',NULL,'/storage/media/2026/02/77f35ba4-4baa-4ca1-8ca7-0962426fcd73.jpg',NULL,'youtube-thumbnail','image/jpeg',118898,1280,720,'2026-02-24 07:38:32','2026-02-24 07:38:32'),(11,'public','media/2026/02/f8714fb1-2d89-4689-8823-69c7bb1e5c66.jpg',NULL,'/storage/media/2026/02/f8714fb1-2d89-4689-8823-69c7bb1e5c66.jpg',NULL,'youtube-thumbnail','image/jpeg',101030,1280,720,'2026-02-24 07:39:46','2026-02-24 07:39:46'),(12,'public','media/2026/02/3177ef98-4075-4028-9a36-d0587f2ea558.jpg',NULL,'/storage/media/2026/02/3177ef98-4075-4028-9a36-d0587f2ea558.jpg',NULL,'youtube-thumbnail','image/jpeg',110701,1280,720,'2026-02-24 07:40:46','2026-02-24 07:40:46'),(13,'public','media/2026/02/571b8947-d09d-4d15-80a4-ed97405c8a4c.jpg',NULL,'/storage/media/2026/02/571b8947-d09d-4d15-80a4-ed97405c8a4c.jpg',NULL,'youtube-thumbnail','image/jpeg',121706,1280,720,'2026-02-24 07:41:34','2026-02-24 07:41:34'),(14,'public','media/2026/02/2970d506-cdcd-452c-a2dd-ce8cf73486b8.jpg',NULL,'/storage/media/2026/02/2970d506-cdcd-452c-a2dd-ce8cf73486b8.jpg',NULL,'youtube-thumbnail','image/jpeg',100331,1280,720,'2026-02-24 07:42:10','2026-02-24 07:42:10'),(15,'public','media/2026/02/b7c0fa08-8440-4790-abd6-685514d52858.jpg',NULL,'/storage/media/2026/02/b7c0fa08-8440-4790-abd6-685514d52858.jpg',NULL,'youtube-thumbnail','image/jpeg',106407,1280,720,'2026-02-24 07:42:59','2026-02-24 07:42:59'),(16,'public','media/2026/02/d91773ae-dc74-4f70-997c-4fb6b4b0f4d3.jpg',NULL,'/storage/media/2026/02/d91773ae-dc74-4f70-997c-4fb6b4b0f4d3.jpg',NULL,'youtube-thumbnail','image/jpeg',110534,1280,720,'2026-02-24 07:43:38','2026-02-24 07:43:38'),(17,'public','media/2026/02/7ba723b7-c6db-4925-bfeb-a08a2317e6c8.jpg',NULL,'/storage/media/2026/02/7ba723b7-c6db-4925-bfeb-a08a2317e6c8.jpg',NULL,'youtube-thumbnail','image/jpeg',78795,1280,720,'2026-02-24 07:44:23','2026-02-24 07:44:23'),(18,'public','media/2026/02/98912ee2-c7a7-412a-bca8-88ac34a1e5c0.jpg',NULL,'/storage/media/2026/02/98912ee2-c7a7-412a-bca8-88ac34a1e5c0.jpg',NULL,'youtube-thumbnail','image/jpeg',106351,1280,720,'2026-02-24 07:45:10','2026-02-24 07:45:10'),(19,'public','media/2026/02/1b79fcdd-f8a9-42cc-938d-a80e395c2e34.jpg',NULL,'/storage/media/2026/02/1b79fcdd-f8a9-42cc-938d-a80e395c2e34.jpg',NULL,'youtube-thumbnail','image/jpeg',62164,1280,720,'2026-02-24 07:45:54','2026-02-24 07:45:54'),(20,'public','media/2026/02/87cc1f1b-b7e7-4849-87bf-120c3a5881bd.jpg',NULL,'/storage/media/2026/02/87cc1f1b-b7e7-4849-87bf-120c3a5881bd.jpg',NULL,'youtube-thumbnail','image/jpeg',71937,1280,720,'2026-02-24 07:46:33','2026-02-24 07:46:33'),(21,'public','media/2026/02/dfb61914-8643-4e8b-987a-7ee557593243.jpg',NULL,'/storage/media/2026/02/dfb61914-8643-4e8b-987a-7ee557593243.jpg',NULL,'youtube-thumbnail','image/jpeg',71788,1280,720,'2026-02-24 07:47:10','2026-02-24 07:47:10'),(22,'public','media/2026/02/3d02d698-1728-435d-a019-87db560e0669.jpg',NULL,'/storage/media/2026/02/3d02d698-1728-435d-a019-87db560e0669.jpg',NULL,'youtube-thumbnail','image/jpeg',27064,480,360,'2026-02-24 07:47:45','2026-02-24 07:47:45'),(23,'public','media/2026/02/bb131d3c-af5a-4aa5-89d9-91faac58dd8e.jpg',NULL,'/storage/media/2026/02/bb131d3c-af5a-4aa5-89d9-91faac58dd8e.jpg',NULL,'youtube-thumbnail','image/jpeg',28711,480,360,'2026-02-24 07:48:34','2026-02-24 07:48:34'),(24,'public','media/2026/02/b3a4bd6b-4e2d-43b5-9b5b-4aed6ced075d.jpg',NULL,'/storage/media/2026/02/b3a4bd6b-4e2d-43b5-9b5b-4aed6ced075d.jpg',NULL,'youtube-thumbnail','image/jpeg',26467,480,360,'2026-02-24 07:49:18','2026-02-24 07:49:18'),(25,'public','media/2026/02/5fa18765-70a1-4cfe-8805-b2d8f846b2e1.jpg',NULL,'/storage/media/2026/02/5fa18765-70a1-4cfe-8805-b2d8f846b2e1.jpg',NULL,'youtube-thumbnail','image/jpeg',74394,1280,720,'2026-02-24 08:04:52','2026-02-24 08:04:52'),(26,'public','media/2026/02/7cac06d6-b8d1-46ab-818f-a5fc942f4502.jpg',NULL,'/storage/media/2026/02/7cac06d6-b8d1-46ab-818f-a5fc942f4502.jpg',NULL,'youtube-thumbnail','image/jpeg',69293,1280,720,'2026-02-24 08:06:36','2026-02-24 08:06:36'),(27,'public','media/2026/02/43884c54-23ab-480f-85f5-70cac60d542f.jpg',NULL,'/storage/media/2026/02/43884c54-23ab-480f-85f5-70cac60d542f.jpg',NULL,'youtube-thumbnail','image/jpeg',192467,1280,720,'2026-02-24 08:07:23','2026-02-24 08:07:23'),(28,'public','media/2026/02/c9b90da6-8ab4-4e60-a5de-b4ef69fb9202.jpg',NULL,'/storage/media/2026/02/c9b90da6-8ab4-4e60-a5de-b4ef69fb9202.jpg',NULL,'larian-hijau-4-768x768','image/jpeg',103144,768,768,'2026-02-24 08:10:34','2026-04-14 21:04:01'),(29,'public','media/2026/02/f40a3b4c-9c5f-41d2-af8a-36b2e52ebf59.jpg',NULL,'/storage/media/2026/02/f40a3b4c-9c5f-41d2-af8a-36b2e52ebf59.jpg',NULL,'larian-hijau-4-768x768','image/jpeg',103144,768,768,'2026-02-24 08:11:18','2026-04-14 21:04:01'),(30,'public','media/2026/02/9c3a1613-c281-4bbc-bd31-d1a0ada7d500.jpg',NULL,'/storage/media/2026/02/9c3a1613-c281-4bbc-bd31-d1a0ada7d500.jpg',NULL,'sutainability-day-1-768x768','image/jpeg',125074,768,768,'2026-02-24 08:14:20','2026-02-24 08:14:20'),(31,'public','media/2026/02/11e91534-cd12-4f32-b9a1-1ecc9f51c924.jpg',NULL,'/storage/media/2026/02/11e91534-cd12-4f32-b9a1-1ecc9f51c924.jpg',NULL,'bowling-tournament-576x1024','image/jpeg',81247,576,1024,'2026-02-24 08:16:09','2026-04-14 21:04:01'),(32,'public','media/2026/02/2bc922d8-402e-4ab7-8a6d-cf388b09085c.jpg',NULL,'/storage/media/2026/02/2bc922d8-402e-4ab7-8a6d-cf388b09085c.jpg',NULL,'shirt-mock','image/jpeg',4495,225,225,'2026-02-26 08:09:36','2026-02-26 08:09:36'),(33,'public','media/2026/04/3a2d1cd2-0c26-44d6-8e4c-a406a5d5401e.jpg','media/2026/04/3a2d1cd2-0c26-44d6-8e4c-a406a5d5401e_thumb.jpg','/storage/media/2026/04/3a2d1cd2-0c26-44d6-8e4c-a406a5d5401e.jpg',NULL,'seatingchart2022','image/jpeg',169401,900,608,'2026-04-11 22:50:10','2026-04-14 21:04:01'),(34,'public','media/2026/04/eff2b60d-1cc9-4465-b0e1-129a84f89132.jpg','media/2026/04/eff2b60d-1cc9-4465-b0e1-129a84f89132_thumb.jpg','/storage/media/2026/04/eff2b60d-1cc9-4465-b0e1-129a84f89132.jpg',NULL,'61d8909f-ddba-4464-89fa-b11926195fff','image/jpeg',221673,1536,1094,'2026-04-11 22:50:37','2026-04-14 21:04:01'),(35,'public','media/2026/04/e942fbd9-720d-4946-8ff3-49f50343f763.jpg','media/2026/04/e942fbd9-720d-4946-8ff3-49f50343f763_thumb.jpg','/storage/media/2026/04/e942fbd9-720d-4946-8ff3-49f50343f763.jpg',NULL,'KIDS-TSHIRTFULLPRINT1','image/jpeg',278403,1920,1920,'2026-04-15 06:28:03','2026-04-15 06:28:03'),(36,'public','media/2026/04/8e403cd8-c977-4394-a5bd-2dacd09c7ea7.jpg','media/2026/04/8e403cd8-c977-4394-a5bd-2dacd09c7ea7_thumb.jpg','/storage/media/2026/04/8e403cd8-c977-4394-a5bd-2dacd09c7ea7.jpg',NULL,'seatingchart2022','image/jpeg',169401,900,608,'2026-04-15 07:53:51','2026-04-15 07:53:51'),(37,'public','media/2026/04/fe2057c2-278e-42b5-82df-e4c7319d2595.jpg','media/2026/04/fe2057c2-278e-42b5-82df-e4c7319d2595_thumb.jpg','/storage/media/2026/04/fe2057c2-278e-42b5-82df-e4c7319d2595.jpg',NULL,'2025-blueprint','image/jpeg',159123,1802,505,'2026-04-15 07:53:59','2026-04-15 07:53:59'),(38,'public','media/2026/04/b5963471-94cd-49f8-8d3f-90b419cf1197.jpg','media/2026/04/b5963471-94cd-49f8-8d3f-90b419cf1197_thumb.jpg','/storage/media/2026/04/b5963471-94cd-49f8-8d3f-90b419cf1197.jpg',NULL,'seatingchart2022','image/jpeg',169401,900,608,'2026-04-15 07:54:06','2026-04-15 07:54:06');
/*!40000 ALTER TABLE `media` ENABLE KEYS */;
UNLOCK TABLES;

--
-- Table structure for table `menu_items`
--

DROP TABLE IF EXISTS `menu_items`;
/*!40101 SET @saved_cs_client     = @@character_set_client */;
/*!40101 SET character_set_client = utf8 */;
CREATE TABLE `menu_items` (
  `id` bigint(20) unsigned NOT NULL AUTO_INCREMENT,
  `menu_id` bigint(20) unsigned NOT NULL,
  `label` varchar(255) NOT NULL,
  `url` varchar(500) NOT NULL,
  `target` varchar(10) NOT NULL DEFAULT '_self',
  `sort` int(11) NOT NULL DEFAULT 0,
  `parent_id` bigint(20) unsigned DEFAULT NULL,
  `created_at` timestamp NULL DEFAULT NULL,
  `updated_at` timestamp NULL DEFAULT NULL,
  PRIMARY KEY (`id`),
  KEY `menu_items_parent_id_foreign` (`parent_id`),
  KEY `menu_items_menu_id_sort_index` (`menu_id`,`sort`),
  CONSTRAINT `menu_items_menu_id_foreign` FOREIGN KEY (`menu_id`) REFERENCES `menus` (`id`) ON DELETE CASCADE,
  CONSTRAINT `menu_items_parent_id_foreign` FOREIGN KEY (`parent_id`) REFERENCES `menu_items` (`id`) ON DELETE SET NULL
) ENGINE=InnoDB AUTO_INCREMENT=54 DEFAULT CHARSET=utf8mb4 COLLATE=utf8mb4_unicode_ci;
/*!40101 SET character_set_client = @saved_cs_client */;

--
-- Dumping data for table `menu_items`
--

LOCK TABLES `menu_items` WRITE;
/*!40000 ALTER TABLE `menu_items` DISABLE KEYS */;
INSERT INTO `menu_items` VALUES (43,1,'Home','/','_self',1,NULL,'2026-02-26 09:21:21','2026-02-26 09:21:21'),(44,1,'Events','/events','_self',2,NULL,'2026-02-26 09:21:21','2026-02-26 09:21:21'),(45,1,'About','/about','_self',3,NULL,'2026-02-26 09:21:21','2026-02-26 09:21:21'),(46,1,'Contact','/contact','_self',4,NULL,'2026-02-26 09:21:21','2026-02-26 09:21:21'),(47,2,'Home','/','_self',1,NULL,'2026-02-26 09:21:21','2026-02-26 09:21:21'),(48,2,'About Us','/about','_self',2,NULL,'2026-02-26 09:21:21','2026-02-26 09:21:21'),(49,2,'Events','/events','_self',3,NULL,'2026-02-26 09:21:21','2026-02-26 09:21:21'),(50,2,'Contact','/contact','_self',4,NULL,'2026-02-26 09:21:21','2026-02-26 09:21:21'),(51,3,'Terms & Conditions','/terms-conditions','_self',1,NULL,'2026-02-26 09:21:21','2026-02-26 09:21:21'),(52,3,'Privacy Policy','/privacy-policy','_self',2,NULL,'2026-02-26 09:21:21','2026-02-26 09:21:21'),(53,3,'Cancellation & Refund','/cancellation-refund-policy','_self',3,NULL,'2026-02-26 09:21:21','2026-02-26 09:21:21');
/*!40000 ALTER TABLE `menu_items` ENABLE KEYS */;
UNLOCK TABLES;

--
-- Table structure for table `menus`
--

DROP TABLE IF EXISTS `menus`;
/*!40101 SET @saved_cs_client     = @@character_set_client */;
/*!40101 SET character_set_client = utf8 */;
CREATE TABLE `menus` (
  `id` bigint(20) unsigned NOT NULL AUTO_INCREMENT,
  `name` varchar(255) NOT NULL,
  `slug` varchar(255) NOT NULL,
  `created_at` timestamp NULL DEFAULT NULL,
  `updated_at` timestamp NULL DEFAULT NULL,
  PRIMARY KEY (`id`),
  UNIQUE KEY `menus_name_unique` (`name`),
  UNIQUE KEY `menus_slug_unique` (`slug`)
) ENGINE=InnoDB AUTO_INCREMENT=4 DEFAULT CHARSET=utf8mb4 COLLATE=utf8mb4_unicode_ci;
/*!40101 SET character_set_client = @saved_cs_client */;

--
-- Dumping data for table `menus`
--

LOCK TABLES `menus` WRITE;
/*!40000 ALTER TABLE `menus` DISABLE KEYS */;
INSERT INTO `menus` VALUES (1,'Main Navigation','main-navigation','2026-02-24 04:14:37','2026-02-24 04:14:37'),(2,'Footer Navigation (To Know More)','footer-navigation','2026-02-24 04:14:37','2026-02-24 08:32:18'),(3,'Legal Navigation','legal-navigation','2026-02-24 08:32:18','2026-02-24 08:32:18');
/*!40000 ALTER TABLE `menus` ENABLE KEYS */;
UNLOCK TABLES;

--
-- Table structure for table `migrations`
--

DROP TABLE IF EXISTS `migrations`;
/*!40101 SET @saved_cs_client     = @@character_set_client */;
/*!40101 SET character_set_client = utf8 */;
CREATE TABLE `migrations` (
  `id` int(10) unsigned NOT NULL AUTO_INCREMENT,
  `migration` varchar(255) NOT NULL,
  `batch` int(11) NOT NULL,
  PRIMARY KEY (`id`)
) ENGINE=InnoDB AUTO_INCREMENT=35 DEFAULT CHARSET=utf8mb4 COLLATE=utf8mb4_unicode_ci;
/*!40101 SET character_set_client = @saved_cs_client */;

--
-- Dumping data for table `migrations`
--

LOCK TABLES `migrations` WRITE;
/*!40000 ALTER TABLE `migrations` DISABLE KEYS */;
INSERT INTO `migrations` VALUES (1,'0001_01_01_000000_create_users_table',1),(2,'0001_01_01_000001_create_cache_table',1),(3,'0001_01_01_000002_create_jobs_table',1),(4,'2026_01_01_000001_create_media_table',1),(5,'2026_01_01_000002_create_events_table',1),(6,'2026_01_01_000003_create_pages_table',1),(7,'2026_01_01_000004_create_posts_table',1),(8,'2026_01_01_000005_create_menus_table',1),(9,'2026_02_24_000001_add_agent360_to_posts_type_enum',2),(10,'2026_02_25_000001_fix_media_urls_to_relative_paths',3),(11,'2026_02_26_000001_add_rsvp_fields_to_events_table',4),(12,'2026_02_26_000002_create_event_tickets_table',4),(13,'2026_02_26_000003_create_event_products_table',4),(14,'2026_02_26_000004_create_event_registrations_table',4),(15,'2026_02_26_000005_create_event_registration_products_table',4),(16,'2026_02_27_000001_create_settings_table',5),(17,'2026_02_27_000001_create_user_payment_methods_table',6),(18,'2026_02_27_000002_add_user_role_to_users_table',7),(19,'2026_04_10_000001_add_company_role_to_users_table',8),(20,'2026_04_10_000002_create_ticket_discount_tiers_table',8),(21,'2026_04_10_000003_add_user_id_and_discount_to_event_registrations_table',8),(22,'2026_04_10_100001_create_event_zones_table',9),(23,'2026_04_10_100002_add_zone_to_event_tickets_table',9),(24,'2026_04_10_100003_create_invoices_table',9),(25,'2026_04_10_200001_create_banners_table',10),(26,'2026_04_10_200002_add_thumbnail_path_to_media_table',10),(27,'2026_04_10_200003_add_gdrive_link_to_events_table',10),(28,'2026_04_11_000001_add_locale_to_users_table',11),(29,'2026_04_12_000001_add_ticket_enhancement_fields',12),(30,'2026_04_12_100001_add_color_to_event_tickets_table',13),(31,'2026_04_12_200001_create_shipping_zones_table',14),(32,'2026_04_12_200002_add_states_to_shipping_zones_table',15),(33,'2026_04_15_152355_add_checkin_staff_role_to_users_table',16),(34,'2026_04_15_160703_add_mobile_image_to_banners_table',17);
/*!40000 ALTER TABLE `migrations` ENABLE KEYS */;
UNLOCK TABLES;

--
-- Table structure for table `pages`
--

DROP TABLE IF EXISTS `pages`;
/*!40101 SET @saved_cs_client     = @@character_set_client */;
/*!40101 SET character_set_client = utf8 */;
CREATE TABLE `pages` (
  `id` bigint(20) unsigned NOT NULL AUTO_INCREMENT,
  `title` varchar(255) NOT NULL,
  `slug` varchar(255) NOT NULL,
  `content_html` longtext DEFAULT NULL,
  `meta_json` longtext CHARACTER SET utf8mb4 COLLATE utf8mb4_bin DEFAULT NULL CHECK (json_valid(`meta_json`)),
  `is_published` tinyint(1) NOT NULL DEFAULT 0,
  `created_at` timestamp NULL DEFAULT NULL,
  `updated_at` timestamp NULL DEFAULT NULL,
  PRIMARY KEY (`id`),
  UNIQUE KEY `pages_slug_unique` (`slug`),
  KEY `pages_slug_index` (`slug`),
  KEY `pages_is_published_index` (`is_published`)
) ENGINE=InnoDB AUTO_INCREMENT=8 DEFAULT CHARSET=utf8mb4 COLLATE=utf8mb4_unicode_ci;
/*!40101 SET character_set_client = @saved_cs_client */;

--
-- Dumping data for table `pages`
--

LOCK TABLES `pages` WRITE;
/*!40000 ALTER TABLE `pages` DISABLE KEYS */;
INSERT INTO `pages` VALUES (1,'About Us','about','<section><h2>About the Malaysian Takaful Association</h2><p>The <strong>Malaysian Takaful Association (MTA)</strong> is the national trade association representing the takaful (Islamic insurance) industry in Malaysia. Established to promote the growth, development, and awareness of the takaful industry, MTA serves as the unified voice for all takaful operators in the country.</p><p>With a membership comprising all licensed takaful operators in Malaysia, MTA works closely with regulatory bodies such as <strong>Bank Negara Malaysia (BNM)</strong> and the Ministry of Finance to shape policy and create a conducive environment for the takaful sector to flourish.</p></section>',NULL,1,'2026-02-24 04:14:37','2026-02-24 04:14:37'),(2,'Contact Us','contact','<section><h2>Get in Touch</h2><p>We welcome enquiries from industry stakeholders, media, and the public.</p><p><strong>Malaysian Takaful Association</strong><br>Level 29, Menara Takaful Malaysia<br>No. 4, Jalan Sultan Sulaiman<br>50000 Kuala Lumpur, Malaysia</p><p>Email: <a href=\"mailto:info@malaysiantakaful.com.my\">info@malaysiantakaful.com.my</a><br>Tel: +603 2031 8084</p></section>',NULL,1,'2026-02-24 04:14:37','2026-02-24 04:14:37'),(3,'Terms & Conditions','terms-conditions','<section>\n<p>Welcome to events.takaful4all.org for online event registration. Terms and conditions stated below applies to all visitors and users of events.takaful4all.org. You are bound by these terms and conditions if you\'re on events.takaful4all.org.</p>\n\n<h2>General</h2>\n<p>The content of terms and conditions may be change, move, or delete at any time. Please note that events.takaful4all.org have the rights to change the contents of the terms and conditions without any notice. Any violation of rules and regulations of these terms and conditions, events.takaful4all.org will take immediate actions against the offender(s).</p>\n\n<h2>Site Contents &amp; Copyrights</h2>\n<p>Unless otherwise noted, all materials, including images, illustrations, designs, icons, photographs, video clips, and written and other materials that appear as part of this Site, in other words \"Contents of the Site\" are copyrights, trademarks, trade dress and/or other intellectual properties owned, controlled, or licensed by Persatuan Takaful Malaysia (Takaful4all).</p>\n\n<h2>Comments and Feedbacks</h2>\n<p>All comments and feedbacks to Persatuan Takaful Malaysia (Takaful4all) will be remain at <a href=\"mailto:enquiries@malaysiantakaful.com.my\">enquiries@malaysiantakaful.com.my</a>. User shall agree that there will be no comment(s) submitted to the events.takaful4all.org will violate any rights of any third party, including copyrights, trademarks, privacy of other personal or proprietary right(s). Furthermore, the user shall agree there will not be content of unlawful, abusive, or obscene material(s) submitted to the site. User will be the only one responsible for any comment\'s content made.</p>\n\n<h2>Product Information</h2>\n<p>We cannot guarantee all actual products will be the same shown on the monitor as that is depending on the user monitor.</p>\n\n<h2>Newsletter</h2>\n<p>User shall agree that events.takaful4all.org may send newsletter regarding the latest news/products/promotions etc through email to the user.</p>\n\n<h2>Indemnification</h2>\n<p>The user shall agree to defend, indemnify, and hold Takaful4all.org harmless from and against any and all claims, damages, costs and expenses, including attorneys\' fees, arising from or related to your use of the Site.</p>\n\n<h2>Link to Other Sites</h2>\n<p>Any access link to third party sites is at your own risk. events.takaful4all.org will not be related or involved in any such website if the user\'s content/product(s) got damaged or loss have any connection with a third party site.</p>\n\n<h2>Inaccuracy Information</h2>\n<p>From time to time, there may be information on events.takaful4all.org that contains typographical error, inaccuracies, omissions, that may relate to product description, pricing, availability, and article contents. We reserve the rights to correct any errors, inaccuracies, change or edit information without prior notice to the customers. If you are not satisfied with your purchased product(s), please return it back to us with the invoice.</p>\n\n<h2>Termination</h2>\n<p>This agreement is effective unless and until either by the customer or events.takaful4all.org. Customer may terminate this agreement at any time. However, events.takaful4all.org may also terminate the agreement with the customer without any prior notice and will be denying the access of the customer who is unable to comply the terms and conditions above.</p>\n\n<h2>Refund Policy</h2>\n<p>Your full refund will be issued once we have received and examined the returned goods at our return center.</p>\n\n<h2>Shipping and Delivery Policy</h2>\n<ul>\n<li>Items in stock: 2–5 working days for Standard Delivery items.</li>\n<li>Items that are out of stock: Please email or call us for assistance.</li>\n</ul>\n\n<h2>Payments</h2>\n<p>All Goods purchased are subject to a one-time payment. Payment can be made through various payment methods we have available, such as Visa, MasterCard or online payment methods. Payment cards (credit cards or debit cards) are subject to validation checks and authorization by your card issuer. If we do not receive the required authorization, we will not be liable for any delay or non-delivery of your Order.</p>\n</section>',NULL,1,'2026-02-24 04:14:37','2026-02-24 08:18:45'),(4,'Privacy Policy','privacy-policy','<section><h2>Privacy Policy</h2><p>The Malaysian Takaful Association is committed to protecting the privacy of your personal data in accordance with the <strong>Personal Data Protection Act 2010 (PDPA)</strong>.</p><h3>Data We Collect</h3><p>We may collect personal information such as your name, email address, and phone number when you register for events or contact us.</p><h3>How We Use Your Data</h3><p>Your data is used solely for event registration, communications related to MTA activities, and improving our services.</p></section>',NULL,1,'2026-02-24 04:14:37','2026-02-26 09:21:21'),(5,'Cancellation & Refund Policy','cancellation-refund-policy','<p><strong>CANCELLATION POLICY</strong></p><p><strong>Cancellation Prior to Order Processing</strong> If you cancel your registration before it is processed, you will not be charged any additional fees. We require a cancellation request to be submitted by emailing us at <a target=\"_blank\" rel=\"noopener noreferrer nofollow\" class=\"text-brand underline\" href=\"mailto:enquiries@malaysiantakaful.com.my\">enquiries@malaysiantakaful.com.my</a>. Once the cancellation request is received, a full refund will be initiated. We advise submitting a cancellation request within 12 hours of your registration submission.</p><p><strong>RETURN POLICY</strong> The following policies apply to be eligible for return requests after the registration is completed:</p><p>Registrations fees are returnable within 7 working days starting from the day the registration is confirmed if they are incorrect, or if the event is canceled or postponed.</p><p>Only tickets or registration fees purchased directly from <a target=\"_blank\" rel=\"noopener noreferrer nofollow\" class=\"text-brand underline\" href=\"http://events.takaful4all.org\">events.takaful4all.org</a> are eligible for return. Any <a target=\"_blank\" rel=\"noopener noreferrer nofollow\" class=\"text-brand underline\" href=\"http://events.takaful4all.org\">events.takaful4all.org</a> product purchased through other retailers must adhere to the respective retailers’ returns and refunds policy. Tickets or registration fees are eligible for a return if the following conditions are met:</p><p><strong>Incorrect Registrations:</strong> The registration details do not match what was ordered, or there are errors in the registration information provided.</p><p><strong>Event Cancellations or Postponements:</strong> The event for which the ticket or registration was made is canceled or postponed.</p><p><strong>Return Requirements:</strong></p><ul><li><p>The cancellation request must be submitted within 7 working days upon receipt of the registration confirmation.</p></li><li><p>You have proof of purchase (order invoice number and receipt).</p></li></ul><p>Change of registration and cancellation of registration will not be permitted once payment has been confirmed.</p><p>Any cancellations due to a change of mind will not be accepted. We reserve the right to reject any cancellation or refund request that is deemed unfit or unreasonable.</p><p><strong>REFUND POLICY</strong></p><p>Your full refund will be issued once we have received and examined the cancellation request at our return center. Once the cancellation request fulfills our return policy, the full refund will be initiated. The method of refund will be processed depending on your original payment method:</p><p><strong>Online Bank Transfer:</strong> Full refunds will be credited into your bank account via online bank transfer, which should be posted within 3-5 working days.</p><p><strong>Credit Card Refunds:</strong> Refunds will be sent to the card-issuing bank. Kindly contact your card-issuing bank regarding the duration of the credit refunds.</p>',NULL,1,'2026-02-24 04:14:37','2026-02-24 08:36:01'),(6,'Terms & Conditions','terms','<section>\n<p>Welcome to events.takaful4all.org for online event registration. Terms and conditions stated below applies to all visitors and users of events.takaful4all.org. You are bound by these terms and conditions if you\'re on events.takaful4all.org.</p>\n\n<h2>General</h2>\n<p>The content of terms and conditions may be change, move, or delete at any time. Please note that events.takaful4all.org have the rights to change the contents of the terms and conditions without any notice. Any violation of rules and regulations of these terms and conditions, events.takaful4all.org will take immediate actions against the offender(s).</p>\n\n<h2>Site Contents &amp; Copyrights</h2>\n<p>Unless otherwise noted, all materials, including images, illustrations, designs, icons, photographs, video clips, and written and other materials that appear as part of this Site, in other words \"Contents of the Site\" are copyrights, trademarks, trade dress and/or other intellectual properties owned, controlled, or licensed by Persatuan Takaful Malaysia (Takaful4all).</p>\n\n<h2>Comments and Feedbacks</h2>\n<p>All comments and feedbacks to Persatuan Takaful Malaysia (Takaful4all) will be remain at <a href=\"mailto:enquiries@malaysiantakaful.com.my\">enquiries@malaysiantakaful.com.my</a>. User shall agree that there will be no comment(s) submitted to the events.takaful4all.org will violate any rights of any third party, including copyrights, trademarks, privacy of other personal or proprietary right(s). Furthermore, the user shall agree there will not be content of unlawful, abusive, or obscene material(s) submitted to the site. User will be the only one responsible for any comment\'s content made.</p>\n\n<h2>Product Information</h2>\n<p>We cannot guarantee all actual products will be the same shown on the monitor as that is depending on the user monitor.</p>\n\n<h2>Newsletter</h2>\n<p>User shall agree that events.takaful4all.org may send newsletter regarding the latest news/products/promotions etc through email to the user.</p>\n\n<h2>Indemnification</h2>\n<p>The user shall agree to defend, indemnify, and hold Takaful4all.org harmless from and against any and all claims, damages, costs and expenses, including attorneys\' fees, arising from or related to your use of the Site.</p>\n\n<h2>Link to Other Sites</h2>\n<p>Any access link to third party sites is at your own risk. events.takaful4all.org will not be related or involved in any such website if the user\'s content/product(s) got damaged or loss have any connection with a third party site.</p>\n\n<h2>Inaccuracy Information</h2>\n<p>From time to time, there may be information on events.takaful4all.org that contains typographical error, inaccuracies, omissions, that may relate to product description, pricing, availability, and article contents. We reserve the rights to correct any errors, inaccuracies, change or edit information without prior notice to the customers. If you are not satisfied with your purchased product(s), please return it back to us with the invoice.</p>\n\n<h2>Termination</h2>\n<p>This agreement is effective unless and until either by the customer or events.takaful4all.org. Customer may terminate this agreement at any time. However, events.takaful4all.org may also terminate the agreement with the customer without any prior notice and will be denying the access of the customer who is unable to comply the terms and conditions above.</p>\n\n<h2>Refund Policy</h2>\n<p>Your full refund will be issued once we have received and examined the returned goods at our return center.</p>\n\n<h2>Shipping and Delivery Policy</h2>\n<ul>\n<li>Items in stock: 2–5 working days for Standard Delivery items.</li>\n<li>Items that are out of stock: Please email or call us for assistance.</li>\n</ul>\n\n<h2>Payments</h2>\n<p>All Goods purchased are subject to a one-time payment. Payment can be made through various payment methods we have available, such as Visa, MasterCard or online payment methods. Payment cards (credit cards or debit cards) are subject to validation checks and authorization by your card issuer. If we do not receive the required authorization, we will not be liable for any delay or non-delivery of your Order.</p>\n</section>',NULL,1,'2026-02-26 09:21:21','2026-02-26 09:21:21'),(7,'Cancellation & Refund Policy','cancellation-refund','<section><h2>Cancellation & Refund Policy</h2><p>We understand that plans can change. Please review our cancellation and refund policy below.</p><h3>Event Registration Cancellations</h3><ul><li><strong>More than 14 days before the event:</strong> Full refund minus a 10% administrative fee.</li><li><strong>7–14 days before the event:</strong> 50% refund.</li><li><strong>Less than 7 days before the event:</strong> No refund. Substitutions are permitted.</li></ul><h3>How to Cancel</h3><p>Please contact us at <a href=\"mailto:events@malaysiantakaful.com.my\">events@malaysiantakaful.com.my</a> with your registration details.</p></section>',NULL,1,'2026-02-26 09:21:21','2026-02-26 09:21:21');
/*!40000 ALTER TABLE `pages` ENABLE KEYS */;
UNLOCK TABLES;

--
-- Table structure for table `password_reset_tokens`
--

DROP TABLE IF EXISTS `password_reset_tokens`;
/*!40101 SET @saved_cs_client     = @@character_set_client */;
/*!40101 SET character_set_client = utf8 */;
CREATE TABLE `password_reset_tokens` (
  `email` varchar(255) NOT NULL,
  `token` varchar(255) NOT NULL,
  `created_at` timestamp NULL DEFAULT NULL,
  PRIMARY KEY (`email`)
) ENGINE=InnoDB DEFAULT CHARSET=utf8mb4 COLLATE=utf8mb4_unicode_ci;
/*!40101 SET character_set_client = @saved_cs_client */;

--
-- Dumping data for table `password_reset_tokens`
--

LOCK TABLES `password_reset_tokens` WRITE;
/*!40000 ALTER TABLE `password_reset_tokens` DISABLE KEYS */;
/*!40000 ALTER TABLE `password_reset_tokens` ENABLE KEYS */;
UNLOCK TABLES;

--
-- Table structure for table `posts`
--

DROP TABLE IF EXISTS `posts`;
/*!40101 SET @saved_cs_client     = @@character_set_client */;
/*!40101 SET character_set_client = utf8 */;
CREATE TABLE `posts` (
  `id` bigint(20) unsigned NOT NULL AUTO_INCREMENT,
  `type` enum('podcast','webinar','article','agent360') NOT NULL,
  `title` varchar(255) NOT NULL,
  `slug` varchar(255) NOT NULL,
  `excerpt` text DEFAULT NULL,
  `content_html` longtext DEFAULT NULL,
  `embed_url` varchar(500) DEFAULT NULL,
  `media_id` bigint(20) unsigned DEFAULT NULL,
  `is_published` tinyint(1) NOT NULL DEFAULT 0,
  `published_at` datetime DEFAULT NULL,
  `meta_json` longtext CHARACTER SET utf8mb4 COLLATE utf8mb4_bin DEFAULT NULL CHECK (json_valid(`meta_json`)),
  `created_at` timestamp NULL DEFAULT NULL,
  `updated_at` timestamp NULL DEFAULT NULL,
  PRIMARY KEY (`id`),
  UNIQUE KEY `posts_slug_unique` (`slug`),
  KEY `posts_media_id_foreign` (`media_id`),
  KEY `posts_slug_index` (`slug`),
  KEY `posts_type_index` (`type`),
  KEY `posts_is_published_index` (`is_published`),
  KEY `posts_published_at_index` (`published_at`),
  CONSTRAINT `posts_media_id_foreign` FOREIGN KEY (`media_id`) REFERENCES `media` (`id`) ON DELETE SET NULL
) ENGINE=InnoDB AUTO_INCREMENT=32 DEFAULT CHARSET=utf8mb4 COLLATE=utf8mb4_unicode_ci;
/*!40101 SET character_set_client = @saved_cs_client */;

--
-- Dumping data for table `posts`
--

LOCK TABLES `posts` WRITE;
/*!40000 ALTER TABLE `posts` DISABLE KEYS */;
INSERT INTO `posts` VALUES (1,'podcast','Trust as the cornerstone of digital Takaful by Puan Nur Fatihah, CEO Zurich Takaful Malaysia Berhad','trust-as-the-cornerstone-of-digital-takaful-by-puan-nur-fatihah-ceo-zurich-takaful-malaysia-berhad','Zurich Takaful Malaysia’s CEO Nur Fatihah Mustafa talks to Nessreen Tamano, IFN Editor, about why earning trust is key to scaling digital Takaful, and how the industry can drive meaningful financial inclusion.','<p>Zurich Takaful Malaysia’s CEO Nur Fatihah Mustafa talks to Nessreen Tamano, IFN Editor, about why earning trust is key to scaling digital Takaful, and how the industry can drive meaningful financial inclusion.</p>',NULL,4,1,'2025-01-25 12:14:00',NULL,'2026-02-24 04:14:37','2026-02-24 07:15:15'),(2,'podcast','Malaysia ushers new Takaful chapter with Hijrah27 (MTA CEO with Redmoney)','malaysia-ushers-new-takaful-chapter-with-hijrah27-mta-ceo-with-redmoney','With 8 strategic thrusts and 54 initiatives, Malaysian Takaful Association (MTA)’s transformation blueprint, Hijrah27, is an ambitious, and comprehensive, undertaking. In this interview with Vineeta Tan, MTA CEO, Mohd Radzuan Mohamed, goes into detail the scope, challenges and targets of Hijrah27.','<p>With 8 strategic thrusts and 54 initiatives, Malaysian Takaful Association (MTA)’s transformation blueprint, Hijrah27, is an ambitious, and comprehensive, undertaking. In this interview with Vineeta Tan, MTA CEO, Mohd Radzuan Mohamed, goes into detail the scope, challenges and targets of Hijrah27.</p>',NULL,5,1,'2025-02-09 12:14:00',NULL,'2026-02-24 04:14:37','2026-02-24 07:18:36'),(3,'podcast','Takaful Hi-5 Hijrah27 Edition with CEO - Encik Shahrul Azlan Shariman, CEO of GETB','takaful-hi-5-hijrah27-edition-with-ceo-encik-shahrul-azlan-shariman-ceo-of-getb','🎙️ Takaful Hi-5: Hijrah27 Edition | Special Podcast with Encik Shahrul Azlan Shariman 🎙️ Join us for an exclusive episode of Takaful Hi-5: Hijrah27 Edition, where we sit down with Encik Shahrul Azlan Shariman, the visionary CEO of Great Eastern Takaful Berhad. In this special edition, Encik Shahrul will share his visionary insights on the future of Takaful in today’s evolving landscape and gain exclusive perspectives on navigating challenges with a Hijrah27 mindset. Don’t miss this opportunity to connect, engage, and be inspired by one of the industry’s leading minds. It’s more than just a session—it’s a transformative experience to fuel your personal and professional growth. Let’s embark on this Hijrah27 journey together.','<p>🎙️ Takaful Hi-5: Hijrah27 Edition | Special Podcast with Encik Shahrul Azlan Shariman 🎙️ Join us for an exclusive episode of Takaful Hi-5: Hijrah27 Edition, where we sit down with Encik Shahrul Azlan Shariman, the visionary CEO of Great Eastern Takaful Berhad. In this special edition, Encik Shahrul will share his visionary insights on the future of Takaful in today’s evolving landscape and gain exclusive perspectives on navigating challenges with a Hijrah27 mindset. Don’t miss this opportunity to connect, engage, and be inspired by one of the industry’s leading minds. It’s more than just a session—it’s a transformative experience to fuel your personal and professional growth. Let’s embark on this Hijrah27 journey together.</p>',NULL,6,1,'2025-02-19 12:14:00',NULL,'2026-02-24 04:14:37','2026-02-24 07:19:13'),(4,'webinar','BNM’s Exposure Draft of Risk Based Capital Takaful','bnms-exposure-draft-of-risk-based-capital-takaful','In pursuit of the issuance of BNM’s Exposure Draft of Risk Based Capital Takaful (RBCT), Malaysia Takaful Association had invited experts from Milliman for a workshop with Family Takaful operators. This session aims to delve deeper into the key changes between RBC1 and the draft RBC2. The workshop was scheduled for 7 August 2024 at Menara AIA was attended by 62 participants from all Family Takaful and Retakaful operators.','<p>In pursuit of the issuance of BNM’s Exposure Draft of Risk Based Capital Takaful (RBCT), Malaysia Takaful Association had invited experts from Milliman for a workshop with Family Takaful operators. This session aims to delve deeper into the key changes between RBC1 and the draft RBC2. The workshop was scheduled for 7 August 2024 at Menara AIA was attended by 62 participants from all Family Takaful and Retakaful operators.</p>','https://www.youtube.com/embed/p2SrdLuvnns',7,1,'2025-12-26 12:14:00',NULL,'2026-02-24 04:14:37','2026-02-24 07:35:52'),(5,'webinar','Workshop Session with Milliman','-workshop-session-with-milliman','Date: 15 August 2024, Thursday\n\nVenue: Dewan Sri Melaka, Etiqa Academy','<p>Date: 15 August 2024, Thursday</p><p>Venue: Dewan Sri Melaka, Etiqa Academy</p>','https://www.youtube.com/embed/TPU04JMxTIA',8,1,'2024-08-15 12:14:00',NULL,'2026-02-24 04:14:37','2026-02-24 07:36:56'),(7,'webinar','MTA Sustainability Webinar','mta-sustainability-webinar','Sustainability continues to gain prominence across various industries, it is imperative for industries to come together and exchange ideas, knowledge, and best practices. With this in mind, Malaysian Takaful Association (MTA) is organizing a series of webinars followed by a Conference focusing on sustainability and inspiring actions within the Takaful and Insurance industry. The webinars will cover a range of topics related to sustainability including Climate Risk Management and Scenario Analysis (CRMSA), Climate Change, and Climate Risk Management.','<p>Sustainability continues to gain prominence across various industries, it is imperative for industries to come together and exchange ideas, knowledge, and best practices. With this in mind, Malaysian Takaful Association (MTA) is organizing a series of webinars followed by a Conference focusing on sustainability and inspiring actions within the Takaful and Insurance industry. The webinars will cover a range of topics related to sustainability including Climate Risk Management and Scenario Analysis (CRMSA), Climate Change, and Climate Risk Management.</p>','https://www.youtube.com/embed/ZE5zzrKNK4I',9,1,'2024-08-15 12:14:00',NULL,'2026-02-24 07:37:15','2026-02-24 07:38:01'),(8,'webinar','Legends of Takaful: Zainudin Ishak','legends-of-takaful-zainudin-ishak','Zainudin then broadened his expertise and influence during his tenure with HSBC, where he played a crucial role in the growth and development of the bank’s takaful services. His leadership and deep industry knowledge led to his appointment as chairman of the Malaysian Takaful Association (MTA), where he was instrumental in promoting and advancing the takaful industry in Malaysia. Today, Zainudin is the president and CEO of Malaysian Reinsurance Bhd, continuing his impactful career in the insurance and takaful sectors. In this podcast, Zainudin shares his experiences, insights, and hopes for the future of the takaful industry.','<p>Zainudin then broadened his expertise and influence during his tenure with HSBC, where he played a crucial role in the growth and development of the bank’s takaful services. His leadership and deep industry knowledge led to his appointment as chairman of the Malaysian Takaful Association (MTA), where he was instrumental in promoting and advancing the takaful industry in Malaysia. Today, Zainudin is the president and CEO of Malaysian Reinsurance Bhd, continuing his impactful career in the insurance and takaful sectors. In this podcast, Zainudin shares his experiences, insights, and hopes for the future of the takaful industry.</p>','https://www.youtube.com/embed/QGY6VOq4pHQ',10,1,'2025-02-24 14:15:00',NULL,'2026-02-24 07:38:57','2026-02-24 07:52:09'),(9,'webinar','Legends of Takaful: Dato\' Mohd Fadzli Yusof','legends-of-takaful-dato-mohd-fadzli-yusof','In our first episode we have the honour of interviewing Dato’ Mohd Fadzli Yusof, the founding CEO of Syarikat Takaful Malaysia. He shares with us his experiences and insights of starting the very first Takaful company in Malaysia and some interesting stories as well.','<p>In our first episode we have the honour of interviewing Dato’ Mohd Fadzli Yusof, the founding CEO of Syarikat Takaful Malaysia. He shares with us his experiences and insights of starting the very first Takaful company in Malaysia and some interesting stories as well.</p>','https://www.youtube.com/embed/dWSNfQ7HHOI',11,1,'2026-02-24 14:00:00',NULL,'2026-02-24 07:39:56','2026-02-24 07:39:56'),(10,'webinar','Legends of Takaful: Dato\' Syed Moheeb Syed Kamarulzaman','legends-of-takaful-dato-syed-moheeb-syed-kamarulzaman','In this second episode, we have the honour of interviewing Dato’ Syed Moheeb Syed Kamarulzaman, a key figure in the setting up of Takaful Ikhlas. He shares with us his experiences and insights into the development of the composite Takaful company and the story behind Takaful Ikhlas: how the name and logo came about, as well as the expectations and unique aspects of Takaful Ikhlas. Dato’ Syed Moheeb also discusses the introduction of the Wakalah model in Malaysia and the challenges of the agency distribution channel. He then touches upon his current involvement in Takaful, the acceptance of Takaful in Malaysia, and offers valuable advice for current and future Takaful CEOs.','<p>In this second episode, we have the honour of interviewing Dato’ Syed Moheeb Syed Kamarulzaman, a key figure in the setting up of Takaful Ikhlas. He shares with us his experiences and insights into the development of the composite Takaful company and the story behind Takaful Ikhlas: how the name and logo came about, as well as the expectations and unique aspects of Takaful Ikhlas. Dato’ Syed Moheeb also discusses the introduction of the Wakalah model in Malaysia and the challenges of the agency distribution channel. He then touches upon his current involvement in Takaful, the acceptance of Takaful in Malaysia, and offers valuable advice for current and future Takaful CEOs.</p>','https://www.youtube.com/embed/Abgcuscy-ek',12,1,'2026-02-24 14:01:00',NULL,'2026-02-24 07:40:54','2026-02-24 07:40:54'),(11,'webinar','Legends of Takaful: Mohd Tarmidzi Ahmad Nordin','legends-of-takaful-mohd-tarmidzi-ahmad-nordin','Over the next 12 months, we will sit down with legends of Takaful in Malaysia, people who truly shaped the industry, going beyond the numbers and finding out what really inspired them, their challenges and struggles as well as their insights. We truly hope that this will both help drive Takaful forward for the next 40 years as well as assist countries just starting out in Takaful.','<p>Over the next 12 months, we will sit down with legends of Takaful in Malaysia, people who truly shaped the industry, going beyond the numbers and finding out what really inspired them, their challenges and struggles as well as their insights. We truly hope that this will both help drive Takaful forward for the next 40 years as well as assist countries just starting out in Takaful.</p>','https://www.youtube.com/embed/YMSoRESxnjo',13,1,'2026-02-24 14:02:00',NULL,'2026-02-24 07:41:43','2026-02-24 07:41:43'),(12,'webinar','Legends of Takaful: Wan Zamri Wan Ismail','-legends-of-takaful-wan-zamri-wan-ismail','Wan Zamri Wan Ismail has been in the insurance and takaful industry for more than 25 years. He started in takaful in Malaysia and eventually expanded his career overseas to countries such as Indonesia, Dubai, and Nigeria. He was part of the team that set up the first retakaful operator in Malaysia (ARIL).','<p>Wan Zamri Wan Ismail has been in the insurance and takaful industry for more than 25 years. He started in takaful in Malaysia and eventually expanded his career overseas to countries such as Indonesia, Dubai, and Nigeria. He was part of the team that set up the first retakaful operator in Malaysia (ARIL).</p>','https://www.youtube.com/embed/ts_Y-ei1ie8',14,1,'2026-02-24 14:03:00',NULL,'2026-02-24 07:42:18','2026-02-24 07:42:18'),(13,'webinar','Legends of Takaful: Mohamad Salihuddin Ahmad','legends-of-takaful-mohamad-salihuddin-ahmad','Mohamad Salihuddin Ahmad was the CEO of the first multinational involved in Takaful in Malaysia, PruBSN. He then went on to help the largest life insurer in Malaysia at that time, Great Eastern, obtain a Takaful license and start operations. Currently he sits on the board of Syarikat Takaful Malaysia. In this interview he shares with us his experiences as well as the values that guided his management style.','<p>Mohamad Salihuddin Ahmad was the CEO of the first multinational involved in Takaful in Malaysia, PruBSN. He then went on to help the largest life insurer in Malaysia at that time, Great Eastern, obtain a Takaful license and start operations. Currently he sits on the board of Syarikat Takaful Malaysia. In this interview he shares with us his experiences as well as the values that guided his management style.</p>','https://www.youtube.com/embed/V11Ki-PhQws',15,1,'2025-02-24 14:04:00',NULL,'2026-02-24 07:43:08','2026-02-24 07:51:57'),(14,'webinar','Legends of Takaful: Ezamshah Ismail','legends-of-takaful-ezamshah-ismail','Ezamshah Ismail was one of the earliest students in the actuarial science programme of ITM (now known as UiTM). At that time there were only 4 students. He then went on to do his masters at Northeastern University (USA), which at that time was one of the top universities for Actuarial Science. After graduating from Northeastern he worked for Mercer in New York and then came to work in Mercer Kuala Lumpur. Mercer acquired Duncan C Fraser and eventually became Actuarial Partners.','<p>Ezamshah Ismail was one of the earliest students in the actuarial science programme of ITM (now known as UiTM). At that time there were only 4 students. He then went on to do his masters at Northeastern University (USA), which at that time was one of the top universities for Actuarial Science. After graduating from Northeastern he worked for Mercer in New York and then came to work in Mercer Kuala Lumpur. Mercer acquired Duncan C Fraser and eventually became Actuarial Partners.</p>','https://www.youtube.com/embed/b6pB2d3_TD4',16,1,'2025-03-24 14:05:00',NULL,'2026-02-24 07:43:52','2026-02-24 07:51:50'),(15,'webinar','MTA Takaful Hi-5 Webinar','mta-takaful-hi-5-webinar','Encik Nazri from AIA PUBLIC Takaful Bhd','<p>Encik Nazri from AIA PUBLIC Takaful Bhd</p>','https://www.youtube.com/embed/MXnySXKBx8I',17,1,'2026-02-24 14:06:00',NULL,'2026-02-24 07:44:32','2026-02-24 07:44:32'),(16,'webinar','Takaful Hi-5: Takaful Sebagai Instrumen Kewangan Anda','takaful-hi-5-takaful-sebagai-instrumen-kewangan-anda','Ms Abir Abdul Rahim from Etiqa Family Takaful Berhad','<p>Ms Abir Abdul Rahim from Etiqa Family Takaful Berhad</p>','https://www.youtube.com/embed/4tFmisDiLaM',18,1,'2026-02-24 14:06:00',NULL,'2026-02-24 07:45:19','2026-02-24 07:45:25'),(17,'webinar','Takaful Hi-5: Penyakit Kritikal dan Inflasi Perubatan','-takaful-hi-5-penyakit-kritikal-dan-inflasi-perubatan','Dr Wawa from Great Eastern Takaful Berhad','<p>Dr Wawa from Great Eastern Takaful Berhad</p>','https://www.youtube.com/embed/vYJzA5aRg8U',19,1,'2026-02-24 14:07:00',NULL,'2026-02-24 07:46:05','2026-02-24 07:46:05'),(18,'webinar','Takaful Hi-5: Takaful Engagement on Social Media','-takaful-hi-5-takaful-engagement-on-social-media','Encik Mohamad Hilmi from Prudential BSN Takaful Berhad','<p>Encik Mohamad Hilmi from Prudential BSN Takaful Berhad</p>','https://www.youtube.com/embed/470h8AuN0P8',20,1,'2026-02-24 14:08:00',NULL,'2026-02-24 07:46:40','2026-02-24 07:46:40'),(19,'webinar','Takaful Hi-5: MDRT Achievers - Siti Hajar','-takaful-hi-5-mdrt-achievers-siti-hajar','Ms Siti Hajar, MDRT Achiever from Great Eastern Takaful Berhad','<p>Ms Siti Hajar, MDRT Achiever from Great Eastern Takaful Berhad</p>','https://www.youtube.com/embed/pBSOfWRjyng',21,1,'2026-02-24 14:09:00',NULL,'2026-02-24 07:47:17','2026-02-24 07:47:17'),(20,'webinar','Sesi Roll Out Hijrah27 Bersama Ejen (Versi Melayu)','-sesi-roll-out-hijrah27-bersama-ejen-versi-melayu','Date : 13 February 2025\nTime : 1.30 pm\nBy : Mr Mohd Radzuan Mohamed, CEO, MTA','<p><strong>Date :</strong> 13 February 2025<br><strong>Time :</strong> 1.30 pm<br><strong>By :</strong> Mr Mohd Radzuan Mohamed, CEO, MTA</p>','https://www.youtube.com/embed/wX5x2axsa7c',22,1,'2026-02-24 14:10:00',NULL,'2026-02-24 07:47:56','2026-02-24 07:47:56'),(21,'webinar','Sesi Roll Out Hijrah27 Bersama Ejen (English Version)','-sesi-roll-out-hijrah27-bersama-ejen-english-version','Date : 13 February 2025\nTime : 10 am\nBy : Mr Mohd Radzuan Mohamed, CEO, MTA','<p><strong>Date :</strong> 13 February 2025<br><strong>Time :</strong> 10 am<br><strong>By :</strong> Mr Mohd Radzuan Mohamed, CEO, MTA</p>','https://www.youtube.com/embed/VCPOfSU_eok',23,1,'2026-02-24 14:11:00',NULL,'2026-02-24 07:48:41','2026-02-24 07:48:41'),(22,'webinar','Sembang Santai 2026 - Nak jalan pi Thailand? Tapi tak ada perlindungan boleh ke?','-sembang-santai-2026-nak-jalan-pi-thailand-tapi-tak-ada-perlindungan-boleh-ke','Sembang Santai 2026 - Nak jalan pi Thailand? Tapi tak ada perlindungan boleh ke?','Sembang Santai 2026 - Nak jalan pi Thailand? Tapi tak ada perlindungan boleh ke?','https://www.youtube.com/embed/m8zP6CxJyjY',24,1,'2026-02-24 14:12:00',NULL,'2026-02-24 07:49:26','2026-02-24 07:49:26'),(23,'agent360','Ejen 360 Webinar: PITA Syariah - Kunci Kejayaan dan Peluang Hebat di Dunia Takaful','ejen-360-webinar-pita-syariah-kunci-kejayaan-dan-peluang-hebat-di-dunia-takaful','MTA and Encik Syarafuddin bin Mohd Yusof from Zurich Takaful Malaysia Berhad are discussing the importance of the Shariah PITA course for Takaful agents, focusing on how it helps them understand Shariah principles in the Takaful industry. The webinar also cover the key features of the PITA course offered by P10 Solutions, including its curriculum, objectives, and benefits, to ensure agents are well-equipped to serve clients while following Shariah guidelines.','<p>MTA and Encik Syarafuddin bin Mohd Yusof from Zurich Takaful Malaysia Berhad are discussing the importance of the Shariah PITA course for Takaful agents, focusing on how it helps them understand Shariah principles in the Takaful industry. The webinar also cover the key features of the PITA course offered by P10 Solutions, including its curriculum, objectives, and benefits, to ensure agents are well-equipped to serve clients while following Shariah guidelines.</p>','https://www.youtube.com/embed/KPePlwgVBmg',25,1,'2025-02-25 14:10:00',NULL,'2026-02-24 08:05:09','2026-02-24 08:05:09'),(24,'agent360','Ejen 360 Webinar: \"Reset and Focus: Bangkit & Finish Strong 2025\"','ejen-360-webinar-reset-and-focus-bangkit-finish-strong-2025','The Ejen360 Webinar titled “Reset and Focus: Bangkit & Finish Strong 2025” was conducted on 1 October 2025 at 5:00 p.m. and was delivered by Puan Zuriati Mohamed Yusoff. The session focused on motivating agents to realign their goals, strengthen focus, and build momentum to finish the year strong, while providing practical insights and strategies to enhance performance, resilience, and professionalism in a challenging business environment.\n\nTime : 5.00 pm\nBy : Puan Zuriati Mohamed Yusoff','<p>The Ejen360 Webinar titled “Reset and Focus: Bangkit &amp; Finish Strong 2025” was conducted on 1 October 2025 at 5:00 p.m. and was delivered by Puan Zuriati Mohamed Yusoff. The session focused on motivating agents to realign their goals, strengthen focus, and build momentum to finish the year strong, while providing practical insights and strategies to enhance performance, resilience, and professionalism in a challenging business environment.<br><br><strong>Time :</strong> 5.00 pm<br><strong>By :</strong> Puan Zuriati Mohamed Yusoff</p>','https://www.youtube.com/embed/12BdLGvGxt8',26,1,'2025-10-01 14:11:00',NULL,'2026-02-24 08:06:50','2026-02-24 08:06:50'),(25,'agent360','Ejen 360 Webinar: Pengenalan kepada ESG','-ejen-360-webinar-pengenalan-kepada-esg','The Ejen360 Webinar titled “Introduction to ESG” was conducted on 29 May 2025 at 9:30 a.m. and was delivered by Ts Dr Nurul Muiz Murad. The session provided participants with a foundational understanding of Environmental, Social and Governance (ESG) principles, highlighting their relevance and importance within the financial and takaful industry. The webinar also emphasised the role of agents in supporting sustainable practices and enhancing organisational responsibility in today’s evolving industry landscape.','<p>The Ejen360 Webinar titled “Introduction to ESG” was conducted on 29 May 2025 at 9:30 a.m. and was delivered by Ts Dr Nurul Muiz Murad. The session provided participants with a foundational understanding of Environmental, Social and Governance (ESG) principles, highlighting their relevance and importance within the financial and takaful industry. The webinar also emphasised the role of agents in supporting sustainable practices and enhancing organisational responsibility in today’s evolving industry landscape.<br><br><strong>Time :</strong> 9:30 am<br><strong>By :</strong> Ts Dr Nurul Muiz Murad</p>','https://www.youtube.com/embed/VrIbVuN_7NA',27,1,'2025-05-29 14:11:00',NULL,'2026-02-24 08:07:35','2026-02-24 08:07:35'),(26,'podcast','Episode 1: The Future of Takaful in Malaysia','episode-1-the-future-of-takaful-in-malaysia','Our CEO discusses the roadmap for the takaful industry in Malaysia over the next decade.','<p>In this inaugural episode, we sit down with our CEO to discuss the exciting road ahead for the takaful industry.</p>',NULL,NULL,1,'2026-01-27 17:21:21',NULL,'2026-02-26 09:21:21','2026-02-26 09:21:21'),(27,'podcast','Episode 2: Digital Transformation in Takaful','episode-2-digital-transformation-in-takaful','How technology is reshaping the way takaful products are designed, distributed, and managed.','<p>We explore how AI, big data, and mobile platforms are revolutionising the takaful experience.</p>',NULL,NULL,1,'2026-02-11 17:21:21',NULL,'2026-02-26 09:21:21','2026-02-26 09:21:21'),(28,'podcast','Episode 3: Microtalkaful — Reaching the Underserved','episode-3-microtalkaful-reaching-the-underserved','A deep dive into micro-takaful products and their potential to expand coverage to lower-income communities.','<p>Micro-takaful products are changing the landscape of financial inclusion in Malaysia.</p>',NULL,NULL,1,'2026-02-21 17:21:21',NULL,'2026-02-26 09:21:21','2026-02-26 09:21:21'),(29,'webinar','Regulatory Updates from Bank Negara Malaysia 2026','regulatory-updates-from-bank-negara-malaysia-2026','An in-depth webinar on the latest regulatory changes affecting takaful operators.','<p>Our expert panel discusses the key regulatory updates from BNM and their implications for the industry.</p>',NULL,NULL,1,'2025-12-28 17:21:21',NULL,'2026-02-26 09:21:21','2026-02-26 09:21:21'),(30,'webinar','Sustainable & ESG-Aligned Takaful Products','sustainable-esg-aligned-takaful-products','How takaful operators can align their product offerings with ESG principles.','<p>Environmental, Social, and Governance (ESG) considerations are becoming central to product development.</p>',NULL,NULL,1,'2026-01-12 17:21:21',NULL,'2026-02-26 09:21:21','2026-02-26 09:21:21'),(31,'webinar','Takaful Claims Management Best Practices','takaful-claims-management-best-practices','A practical guide to improving claims processing efficiency and customer satisfaction.','<p>This webinar covers end-to-end claims management strategies for takaful operators.</p>',NULL,NULL,1,'2026-02-06 17:21:21',NULL,'2026-02-26 09:21:21','2026-02-26 09:21:21');
/*!40000 ALTER TABLE `posts` ENABLE KEYS */;
UNLOCK TABLES;

--
-- Table structure for table `sessions`
--

DROP TABLE IF EXISTS `sessions`;
/*!40101 SET @saved_cs_client     = @@character_set_client */;
/*!40101 SET character_set_client = utf8 */;
CREATE TABLE `sessions` (
  `id` varchar(255) NOT NULL,
  `user_id` bigint(20) unsigned DEFAULT NULL,
  `ip_address` varchar(45) DEFAULT NULL,
  `user_agent` text DEFAULT NULL,
  `payload` longtext NOT NULL,
  `last_activity` int(11) NOT NULL,
  PRIMARY KEY (`id`),
  KEY `sessions_user_id_index` (`user_id`),
  KEY `sessions_last_activity_index` (`last_activity`)
) ENGINE=InnoDB DEFAULT CHARSET=utf8mb4 COLLATE=utf8mb4_unicode_ci;
/*!40101 SET character_set_client = @saved_cs_client */;

--
-- Dumping data for table `sessions`
--

LOCK TABLES `sessions` WRITE;
/*!40000 ALTER TABLE `sessions` DISABLE KEYS */;
INSERT INTO `sessions` VALUES ('tLo0buN1azkQDmqb37LTXjdSU5AXSojeHOX1leBN',1,'127.0.0.1','Mozilla/5.0 (Macintosh; Intel Mac OS X 10.15; rv:149.0) Gecko/20100101 Firefox/149.0','YTo1OntzOjY6Il90b2tlbiI7czo0MDoiUWhsTzNLc2dDVkVXdlRpMXBBUjNNSDk0N3UwWVNwNkx5NG9XVnBCaSI7czo2OiJfZmxhc2giO2E6Mjp7czozOiJvbGQiO2E6MDp7fXM6MzoibmV3IjthOjA6e319czozOiJ1cmwiO2E6MDp7fXM6OToiX3ByZXZpb3VzIjthOjI6e3M6MzoidXJsIjtzOjIxOiJodHRwOi8vMTI3LjAuMC4xOjgwMDAiO3M6NToicm91dGUiO3M6NDoiaG9tZSI7fXM6NTA6ImxvZ2luX3dlYl81OWJhMzZhZGRjMmIyZjk0MDE1ODBmMDE0YzdmNThlYTRlMzA5ODlkIjtpOjE7fQ==',1776270309);
/*!40000 ALTER TABLE `sessions` ENABLE KEYS */;
UNLOCK TABLES;

--
-- Table structure for table `settings`
--

DROP TABLE IF EXISTS `settings`;
/*!40101 SET @saved_cs_client     = @@character_set_client */;
/*!40101 SET character_set_client = utf8 */;
CREATE TABLE `settings` (
  `id` bigint(20) unsigned NOT NULL AUTO_INCREMENT,
  `group` varchar(50) NOT NULL,
  `key` varchar(100) NOT NULL,
  `value` text DEFAULT NULL,
  `is_encrypted` tinyint(1) NOT NULL DEFAULT 0,
  `created_at` timestamp NULL DEFAULT NULL,
  `updated_at` timestamp NULL DEFAULT NULL,
  PRIMARY KEY (`id`),
  UNIQUE KEY `settings_group_key_unique` (`group`,`key`),
  KEY `settings_group_index` (`group`)
) ENGINE=InnoDB AUTO_INCREMENT=14 DEFAULT CHARSET=utf8mb4 COLLATE=utf8mb4_unicode_ci;
/*!40101 SET character_set_client = @saved_cs_client */;

--
-- Dumping data for table `settings`
--

LOCK TABLES `settings` WRITE;
/*!40000 ALTER TABLE `settings` DISABLE KEYS */;
INSERT INTO `settings` VALUES (1,'chipin','secret_key','eyJpdiI6ImRmUVNQMlpRKzMvMEhFYlltSTJERkE9PSIsInZhbHVlIjoiYUVYRUUzanl2WC8wMWJYY3lSV24rYzJlK1JCZE9tdnUvTHRRUVg1OVhrT2tpNk9BQ285SFlISzZyazZncElaQ21WRXRoazk5WDBoZElBcGdLc3JXZzdyQlNPbnozYVhweGRpZkhkTUNlZ0x3WUUwN3ozOVZGdENTb2s0WUpHdEMiLCJtYWMiOiI3MzhmOGJhOTYyNTc1MmQ1OWQ2NDRiYjkwYzc3ZGI2NTIwZmI3NTc1MDg1OGQzMWRjNzA1ZWFjNDBlZjc2NzJiIiwidGFnIjoiIn0=',1,'2026-04-15 04:24:14','2026-04-15 05:47:38'),(2,'chipin','brand_id','fe5d1aab-f898-414a-9dee-2aa8990f1eb9',0,'2026-04-15 04:24:14','2026-04-15 04:24:14'),(3,'chipin','webhook_secret',NULL,1,'2026-04-15 04:24:14','2026-04-15 04:24:14'),(4,'chipin','success_redirect',NULL,0,'2026-04-15 04:24:14','2026-04-15 04:24:14'),(5,'chipin','failure_redirect',NULL,0,'2026-04-15 04:24:14','2026-04-15 04:24:14'),(6,'chipin','send_receipt','0',0,'2026-04-15 04:24:14','2026-04-15 04:24:14'),(7,'chipin','is_test_mode','0',0,'2026-04-15 04:24:14','2026-04-15 04:26:06'),(8,'general','site_name',NULL,0,'2026-04-15 08:15:33','2026-04-15 08:15:33'),(9,'general','site_logo',NULL,0,'2026-04-15 08:15:33','2026-04-15 08:15:33'),(10,'general','footer_text',NULL,0,'2026-04-15 08:15:33','2026-04-15 08:15:33'),(11,'general','contact_email',NULL,0,'2026-04-15 08:15:33','2026-04-15 08:15:33'),(12,'general','contact_phone',NULL,0,'2026-04-15 08:15:33','2026-04-15 08:15:33'),(13,'general','slideshow_enabled','0',0,'2026-04-15 08:15:33','2026-04-15 08:23:46');
/*!40000 ALTER TABLE `settings` ENABLE KEYS */;
UNLOCK TABLES;

--
-- Table structure for table `shipping_zones`
--

DROP TABLE IF EXISTS `shipping_zones`;
/*!40101 SET @saved_cs_client     = @@character_set_client */;
/*!40101 SET character_set_client = utf8 */;
CREATE TABLE `shipping_zones` (
  `id` bigint(20) unsigned NOT NULL AUTO_INCREMENT,
  `name` varchar(255) NOT NULL,
  `countries` longtext CHARACTER SET utf8mb4 COLLATE utf8mb4_bin NOT NULL CHECK (json_valid(`countries`)),
  `states` longtext CHARACTER SET utf8mb4 COLLATE utf8mb4_bin DEFAULT NULL CHECK (json_valid(`states`)),
  `rate` decimal(10,2) NOT NULL DEFAULT 0.00,
  `rate_type` varchar(20) NOT NULL DEFAULT 'flat',
  `free_shipping_min` decimal(10,2) DEFAULT NULL,
  `is_active` tinyint(1) NOT NULL DEFAULT 1,
  `sort_order` int(10) unsigned NOT NULL DEFAULT 0,
  `created_at` timestamp NULL DEFAULT NULL,
  `updated_at` timestamp NULL DEFAULT NULL,
  PRIMARY KEY (`id`)
) ENGINE=InnoDB AUTO_INCREMENT=3 DEFAULT CHARSET=utf8mb4 COLLATE=utf8mb4_unicode_ci;
/*!40101 SET character_set_client = @saved_cs_client */;

--
-- Dumping data for table `shipping_zones`
--

LOCK TABLES `shipping_zones` WRITE;
/*!40000 ALTER TABLE `shipping_zones` DISABLE KEYS */;
INSERT INTO `shipping_zones` VALUES (1,'West Malaysia (Peninsular)','[\"MY\"]','[\"JHR\",\"KDH\",\"KTN\",\"MLK\",\"NSN\",\"PHG\",\"PNG\",\"PRK\",\"PLS\",\"SGR\",\"TRG\",\"KUL\",\"PJY\"]',8.00,'flat',150.00,1,1,'2026-04-12 00:14:26','2026-04-12 00:14:26'),(2,'East Malaysia (Sabah & Sarawak)','[\"MY\"]','[\"SBH\",\"SWK\",\"LBN\"]',15.00,'flat',200.00,1,2,'2026-04-12 00:14:26','2026-04-12 00:14:26');
/*!40000 ALTER TABLE `shipping_zones` ENABLE KEYS */;
UNLOCK TABLES;

--
-- Table structure for table `ticket_discount_tiers`
--

DROP TABLE IF EXISTS `ticket_discount_tiers`;
/*!40101 SET @saved_cs_client     = @@character_set_client */;
/*!40101 SET character_set_client = utf8 */;
CREATE TABLE `ticket_discount_tiers` (
  `id` bigint(20) unsigned NOT NULL AUTO_INCREMENT,
  `event_ticket_id` bigint(20) unsigned NOT NULL,
  `min_quantity` int(10) unsigned NOT NULL,
  `discount_type` enum('percentage','fixed') NOT NULL DEFAULT 'percentage',
  `discount_value` decimal(10,2) NOT NULL,
  `created_at` timestamp NULL DEFAULT NULL,
  `updated_at` timestamp NULL DEFAULT NULL,
  PRIMARY KEY (`id`),
  UNIQUE KEY `ticket_discount_tiers_event_ticket_id_min_quantity_unique` (`event_ticket_id`,`min_quantity`),
  CONSTRAINT `ticket_discount_tiers_event_ticket_id_foreign` FOREIGN KEY (`event_ticket_id`) REFERENCES `event_tickets` (`id`) ON DELETE CASCADE
) ENGINE=InnoDB DEFAULT CHARSET=utf8mb4 COLLATE=utf8mb4_unicode_ci;
/*!40101 SET character_set_client = @saved_cs_client */;

--
-- Dumping data for table `ticket_discount_tiers`
--

LOCK TABLES `ticket_discount_tiers` WRITE;
/*!40000 ALTER TABLE `ticket_discount_tiers` DISABLE KEYS */;
/*!40000 ALTER TABLE `ticket_discount_tiers` ENABLE KEYS */;
UNLOCK TABLES;

--
-- Table structure for table `user_payment_methods`
--

DROP TABLE IF EXISTS `user_payment_methods`;
/*!40101 SET @saved_cs_client     = @@character_set_client */;
/*!40101 SET character_set_client = utf8 */;
CREATE TABLE `user_payment_methods` (
  `id` bigint(20) unsigned NOT NULL AUTO_INCREMENT,
  `user_id` bigint(20) unsigned NOT NULL,
  `type` enum('card','fpx','ewallet') NOT NULL DEFAULT 'card',
  `label` varchar(255) NOT NULL,
  `last4` varchar(4) DEFAULT NULL,
  `bank_name` varchar(255) DEFAULT NULL,
  `is_default` tinyint(1) NOT NULL DEFAULT 0,
  `meta_json` longtext CHARACTER SET utf8mb4 COLLATE utf8mb4_bin DEFAULT NULL CHECK (json_valid(`meta_json`)),
  `created_at` timestamp NULL DEFAULT NULL,
  `updated_at` timestamp NULL DEFAULT NULL,
  PRIMARY KEY (`id`),
  KEY `user_payment_methods_user_id_index` (`user_id`),
  CONSTRAINT `user_payment_methods_user_id_foreign` FOREIGN KEY (`user_id`) REFERENCES `users` (`id`) ON DELETE CASCADE
) ENGINE=InnoDB AUTO_INCREMENT=3 DEFAULT CHARSET=utf8mb4 COLLATE=utf8mb4_unicode_ci;
/*!40101 SET character_set_client = @saved_cs_client */;

--
-- Dumping data for table `user_payment_methods`
--

LOCK TABLES `user_payment_methods` WRITE;
/*!40000 ALTER TABLE `user_payment_methods` DISABLE KEYS */;
INSERT INTO `user_payment_methods` VALUES (1,3,'fpx','Maybank FPX',NULL,'Maybank',1,NULL,'2026-02-26 09:21:21','2026-02-26 09:21:21'),(2,3,'card','Personal Visa','4242',NULL,0,NULL,'2026-02-26 09:21:21','2026-02-26 09:21:21');
/*!40000 ALTER TABLE `user_payment_methods` ENABLE KEYS */;
UNLOCK TABLES;

--
-- Table structure for table `users`
--

DROP TABLE IF EXISTS `users`;
/*!40101 SET @saved_cs_client     = @@character_set_client */;
/*!40101 SET character_set_client = utf8 */;
CREATE TABLE `users` (
  `id` bigint(20) unsigned NOT NULL AUTO_INCREMENT,
  `name` varchar(255) NOT NULL,
  `email` varchar(255) NOT NULL,
  `email_verified_at` timestamp NULL DEFAULT NULL,
  `password` varchar(255) NOT NULL,
  `role` enum('admin','editor','checkin_staff','company','public') NOT NULL DEFAULT 'public',
  `company_name` varchar(255) DEFAULT NULL,
  `company_registration_no` varchar(255) DEFAULT NULL,
  `company_address` text DEFAULT NULL,
  `company_phone` varchar(255) DEFAULT NULL,
  `locale` varchar(5) NOT NULL DEFAULT 'en',
  `remember_token` varchar(100) DEFAULT NULL,
  `created_at` timestamp NULL DEFAULT NULL,
  `updated_at` timestamp NULL DEFAULT NULL,
  PRIMARY KEY (`id`),
  UNIQUE KEY `users_email_unique` (`email`)
) ENGINE=InnoDB AUTO_INCREMENT=6 DEFAULT CHARSET=utf8mb4 COLLATE=utf8mb4_unicode_ci;
/*!40101 SET character_set_client = @saved_cs_client */;

--
-- Dumping data for table `users`
--

LOCK TABLES `users` WRITE;
/*!40000 ALTER TABLE `users` DISABLE KEYS */;
INSERT INTO `users` VALUES (1,'MTA Admin','admin@takaful.com',NULL,'$2y$12$aB0BoWgpUQ4R/pKN4BH0WuFZlxXsl6Ok4JI44CxxCdDizlYNukuxu','admin',NULL,NULL,NULL,NULL,'ms','T7Zwd2ofuNVf0baaFOygy0Pm9Q8VOpoSLCPOqmLWzZXBVDXLuzeDrKITdFnd','2026-02-24 04:14:37','2026-04-15 07:37:20'),(2,'MTA Editor','editor@takaful.com',NULL,'$2y$12$I5b6ZJpP83f7utgLEKtbxuhoyXR9kXrjkig3aJFZ47n869ZPlJu4G','editor',NULL,NULL,NULL,NULL,'en',NULL,'2026-02-24 04:14:37','2026-02-26 09:33:04'),(3,'Aiman Razak','user@takaful.com',NULL,'$2y$12$xYhdq/9rIRfcMl3lhnKEoulC1YWMMIoxQIZYCzgEpBiFZTDTAcCQ2','public',NULL,NULL,NULL,NULL,'en',NULL,'2026-02-26 09:21:21','2026-02-26 09:33:04'),(4,'Check-In Staff','checkin@test.com',NULL,'$2y$12$XGzsE7b1z85laC2xKVACROMc67zksfuYEpI2kdrw.4LrKdasktyAS','checkin_staff',NULL,NULL,NULL,NULL,'en',NULL,'2026-04-15 07:24:59','2026-04-15 07:24:59'),(5,'MTA','mtaofficial@mta.com',NULL,'$2y$12$1uE8D3YT8lXAqOc.p/bkquwCA6hUylPYOiAvqj8h1tMNXRWEObqqC','company','MTA','1234567','12','03112321111','en',NULL,'2026-04-15 08:24:48','2026-04-15 08:24:48');
/*!40000 ALTER TABLE `users` ENABLE KEYS */;
UNLOCK TABLES;
/*!40103 SET TIME_ZONE=@OLD_TIME_ZONE */;

/*!40101 SET SQL_MODE=@OLD_SQL_MODE */;
/*!40014 SET FOREIGN_KEY_CHECKS=@OLD_FOREIGN_KEY_CHECKS */;
/*!40014 SET UNIQUE_CHECKS=@OLD_UNIQUE_CHECKS */;
/*!40101 SET CHARACTER_SET_CLIENT=@OLD_CHARACTER_SET_CLIENT */;
/*!40101 SET CHARACTER_SET_RESULTS=@OLD_CHARACTER_SET_RESULTS */;
/*!40101 SET COLLATION_CONNECTION=@OLD_COLLATION_CONNECTION */;
/*!40111 SET SQL_NOTES=@OLD_SQL_NOTES */;

-- Dump completed on 2026-04-16  0:29:17
